吉野家,兵庫県,吉野家 K43号線西宮鳴尾,兵庫県西宮市鳴尾町3丁目3‐1,1200,20260110
吉野家,京都府,吉野家 イオンタウン山科椥辻店,京都府京都市山科区椥辻草海道町15番1号,1150,20260110
吉野家,長崎県,吉野家 長崎中央橋店,長崎県長崎市築町5-12,1100,20260110
吉野家,神奈川,吉野家 辻堂南口店,神奈川県藤沢市辻堂1丁目3,1250,20260110
吉野家,埼玉県,吉野家 北本本宿,埼玉県北本市本宿5丁目,1200,20260110
松屋,神奈川,松屋 あざみ野店,神奈川県横浜市青葉区あざみ野1-11-1あざみ野センタービル1F,1300,20260110
松屋,神奈川,松屋 梶が谷店/マイカリー食堂 梶が谷店,神奈川県川崎市高津区末長1-8-20,1300,20260110
松屋,神奈川,松屋 菊名店,神奈川県横浜市港北区菊名4-2-6,1300,20260110
松屋,神奈川,松屋 宮崎台店/松のや 宮崎台店,神奈川県川崎市宮前区宮崎2-8-8 COMODO宮崎台,1300,20260110
松屋,千葉県,松屋 京葉市川PA（下り線）店/松のや 京葉市川PA（下り線）店,千葉県市川市田尻1-5-1 京葉市川PA下り線内2階,1200,20260110
松屋,神奈川,松屋 元住吉店,神奈川県川崎市中原区木月3丁目6番18号,1300,20260110
松屋,神奈川,松屋 溝の口店/松のや 溝の口店,神奈川県川崎市高津区溝口1-19-10 岡本ビル1階,1300,20260110
松屋,神奈川,松屋 溝の口南口店,神奈川県川崎市高津区久本1-4-10 TKBビル,1300,20260110
松屋,神奈川,松屋 綱島店,神奈川県横浜市港北区綱島西1-1-3,1300,20260110
松屋,神奈川,松屋 高津店,神奈川県川崎市高津区二子5-2-1,1300,20260110
松屋,神奈川,松屋 鷺沼店,神奈川県川崎市宮前区鷺沼1-11-6 鷺沼第一ビル,1300,20260110
松屋,神奈川,松屋 鹿島田店,神奈川県川崎市幸区下平間135,1300,20260110
松屋,神奈川,松屋 新横浜店,神奈川県横浜市港北区新横浜2-3-5,1300,20260110
松屋,新潟県,松屋 新潟見附店/松のや 新潟見附店,新潟県見附市上新田町字下野沖514-1,1150,20260110
松屋,神奈川,松屋 新丸子店,神奈川県川崎市中原区新丸子742-3,1300,20260110
松屋,神奈川,松屋 大倉山店/マイカリー食堂 大倉山店,神奈川県横浜市港北区大倉山3-1-28,1300,20260110
松屋,新潟県,松屋 長岡店/松のや 長岡店,新潟県長岡市新組町2281-1,1150,20260110
松屋,神奈川,松屋 日吉店,神奈川県横浜市港北区日吉本町1-20-2,1300,20260110
松屋,神奈川,松屋 武蔵小杉北口店/マイカリー食堂 武蔵小杉北口店,神奈川県川崎市中原区新丸子町922,1300,20260110
松屋,神奈川,松屋 武蔵新城店,神奈川県川崎市中原区上新城2-10-15,1300,20260110
松屋,神奈川,松屋 武蔵中原店/松のや 武蔵中原店/マイカリー食堂 武蔵中原店,神奈川県川崎市中原区上小田中6-21-9,1300,20260110
松屋,神奈川,松屋 矢向店,神奈川県横浜市鶴見区矢向6-5-8,1300,20260110
すき家,,,,,20260110
