松屋,東京都,ステーキ屋松 下北沢店,東京都世田谷区北沢2-14-2,1300,20251025,1226,74
松屋,東京都,ステーキ屋松 吉祥寺店,東京都武蔵野市吉祥寺本町2-14-28,1300,20251025,1226,74
松屋,東京都,ステーキ屋松 国分寺店,東京都国分寺市南町3-18-17,1300,20251025,1226,74
松屋,東京都,ステーキ屋松 本郷三丁目店,東京都文京区本郷4-37-15,1300,20251025,1226,74
松屋,東京都,ステーキ屋松 明大前店,東京都世田谷区松原1-36-7,1300,20251025,1226,74
松屋,東京都,ステーキ定食松牛 三鷹店,東京都武蔵野市中町1-1-8,1300,20251025,1226,74
松屋,神奈川,ステーキ定食松牛 上大岡店,神奈川県横浜市港南区上大岡西2-1-19 須藤ビル1F,1300,20251025,1225,75
松屋,東京都,ステーキ定食松牛 八王子店,東京都八王子市東町6-1,1300,20251025,1226,74
松屋,石川県,松屋 金沢工大前店,石川県野々市市扇が丘8-8,1200,20251025,1100,100
松屋,石川県,松屋 金沢示野店,石川県金沢市戸板西1-55,1200,20251025,1100,100
松屋,石川県,松屋 金沢昌永町店,石川県金沢市昌永町18-5,1200,20251025,1100,100
松屋,石川県,松屋 金沢神谷内店,石川県金沢市神谷内町二22-1,1200,20251025,1100,100
松屋,石川県,松屋 金沢増泉店/松のや 金沢増泉店,石川県金沢市神田2-2-25,1200,20251025,1100,100
松屋,山梨県,松屋 甲府荒川店,山梨県甲府市荒川1-8-32,1200,20251025,1150,50
松屋,山梨県,松屋 甲府国母店/松のや 甲府国母店,山梨県甲府市大里町358-1,1250,20251025,1150,100
松屋,高知県,松屋 高知朝倉店/松のや 高知朝倉店/マイカリー食堂 高知朝倉店,高知県高知市朝倉東町50-3,1050,20251025,1000,50
松屋,高知県,松屋 高知南御座店/松のや 高知南御座店,高知県高知市南御座12-7,1050,20251025,1000,50
松屋,山梨県,松屋 山梨昭和店,山梨県中巨摩郡昭和町飯喰字村西1131,1250,20251025,1150,100
松屋,山梨県,松屋 山梨竜王店,山梨県甲斐市西八幡2234-1,1250,20251025,1150,100
松屋,愛媛県,松屋 四国中央店/松のや 四国中央店,愛媛県四国中央市中曽根町5010-2,1100,20251025,1050,50
松屋,愛知県,松屋 小牧店,愛知県小牧市小木東1-146,1150,20251025,1140,10
松屋,愛媛県,松屋 新居浜店/松のや 新居浜店,愛媛県新居浜市外山町14-48,1100,20251025,1050,50
松屋,山梨県,松屋 石和店,山梨県笛吹市石和町広瀬1374,1200,20251025,1150,50
松屋,高知県,松屋 南国店/松のや 南国店,高知県南国市明見817-1,1050,20251025,1000,50
松屋,山梨県,松屋 韮崎店,山梨県韮崎市若宮2-12-20 ライフガーデンにらさき,1150,20251025,1100,50
松屋,愛知県,松屋 豊山店,愛知県西春日井郡豊山町大字豊場字栄81,1150,20251025,1140,10
松屋,石川県,松屋 野々市中央通り店/松のや 野々市中央通り店,石川県野々市市栗田6-377,1200,20251025,1100,100
