cafe terrasse verte（カフェ・テラス・ヴェルト）,東京都武蔵野市中町1-14-5　2F,1226
すし松 本厚木店,神奈川県厚木市中町2-1-18,1250
すし松　エキアプレミエ和光市駅店,埼玉県和光市本町4-7,1200
すし松　ヤオコー川口ＳＫＩＰシティ店,埼玉県川口市上青木4-13-78　ヤオコー川口SKIPシティ店2F,1300
すし松　綾瀬店,東京都足立区綾瀬3-2-8シティプレイス綾瀬１階,1250
すし松　王子店,東京都北区王子1-13-17,1300
すし松　蒲田1号店,東京都大田区蒲田5丁目16番9号　第一カワタビル1F,1300
すし松　吉祥寺南店,東京都武蔵野市吉祥寺南町1-8-4,1300
すし松　江坂店,大阪府吹田市豊津町15-30　東明マンション江坂2,1200
すし松　三芳PA(上り線)店,埼玉県入間郡三芳町大字上冨2204,1300
すし松　松戸五香店,千葉県松戸市常盤平5-26-6,1200
すし松　聖蹟桜ヶ丘店,東京都多摩市関戸2-40-2興進ビル,1250
すし松　西荻窪店,東京都杉並区西荻北3-20-1,1400
すし松　青物横丁店,東京都品川区南品川2-17-22,1300
すし松　石神井公園店,東京都練馬区石神井町3‐21‐2,1250
すし松　川口店,埼玉県川口市栄町3-5-12,1300
すし松　大宮店,埼玉県さいたま市大宮区宮町1-50-2,1300
すし松　東新宿店,東京都新宿区新宿7-27-6　COERU東新宿２階,1400
すし松　本八幡南口店,千葉県市川市南八幡4-6-9アロー本八幡ビル22番館,1200
すし松　枚方市駅前店,大阪府枚方市新町1-1-8Hirakata Woven2Ｆ,1200
すし松　練馬店,東京都練馬区豊玉北5-18-11,1300
ステーキ屋松　下北沢店,東京都世田谷区北沢2-14-2,1300
ステーキ屋松　吉祥寺店,東京都武蔵野市吉祥寺本町2-14-28,1300
ステーキ屋松　国分寺店,東京都国分寺市南町3-18-17,1300
ステーキ屋松　新杉田店,神奈川県横浜市磯子区新杉田町3-1ステート新杉田103,1300
ステーキ屋松　本郷三丁目店,東京都文京区本郷4-37-15,1300
ステーキ屋松　明大前店,東京都世田谷区松原1-36-7,1300
ステーキ定食松牛　三鷹店,東京都武蔵野市中町1-1-8,1300
ステーキ定食松牛　上大岡店,神奈川県横浜市港南区上大岡西2-1-19 須藤ビル1F,1300
ステーキ定食松牛　八王子店,東京都八王子市東町6-1,1300
トゥックントゥックン　羽村店,東京都羽村市五ノ神1-2-12,1240
マイカリー食堂　高田馬場店,東京都新宿区高田馬場1-26-12,1300
マイカリー食堂　三鷹店,東京都武蔵野市中町1-6-7,1250
マイカリー食堂　上野店,東京都台東区上野7-4-7,1320
マイカリー食堂　板橋本町店,東京都板橋区大和町18-10,1250
ラーメン　松太郎　新宿小滝橋通り店,東京都新宿区西新宿7-7-28　第一山本ビル1階,1300
株式会社トレンジエクスプレス,埼玉県比企郡川島町かわじま1丁目10番,1300
松のや 千船店,大阪府大阪市西淀川区佃3丁目1番11号アバリーナ千船1階,1200
松のや 谷町二丁目店,大阪府大阪市中央区谷町2-3-4 サンシャイン大手前ビル１Ｆ西,1200
松のや　JR尼崎店,兵庫県尼崎市長洲本通1-4-2　レジュールアッシュ尼崎駅前,1150
松のや　すすきの店,北海道札幌市中央区南4条西3-1-1,1200
松のや　だいどう豊里店/マイカリー食堂　だいどう豊里店,大阪府大阪市東淀川区豊里7-10-18　ナインライブテナントビル,1180
松のや　つくば東大通り店,茨城県つくば市天久保4-6-8,1150
松のや　なんさん通り店,大阪府大阪市中央区難波千日前8-12ショッププランナー国際東ビル,1350
松のや　ひばりが丘店/マイカリー食堂　ひばりが丘店,東京都西東京市ひばりが丘北4-1-32,1250
松のや　ふじみ野店/マイカリー食堂　ふじみ野店,埼玉県富士見市ふじみ野西1-20-2 第7マツモトビル106,1200
松のや　グリーンモール山室店,富山県富山市中市10-4,1100
松のや　フォーポイント フレックス by シェラトン 横浜駅西店,神奈川県横浜市西区南幸2-17-6,1300
松のや　ル・シーニュ府中店/マイカリー食堂　ル・シーニュ府中店,東京都府中市宮町1-100　ル・シーニュ1-19,1300
松のや　阿佐ヶ谷南店,東京都杉並区阿佐谷南1-36-11,1300
松のや　綾瀬店,東京都足立区綾瀬4-7-1,1250
松のや　安城店/マイカリー食堂　安城店,愛知県安城市大山町１丁目２番3,1200
松のや　伊勢佐木町店/マイカリー食堂　伊勢佐木町店,神奈川県横浜市中区伊勢佐木町2-76-3,1230
松のや　伊川谷店,兵庫県神戸市西区伊川谷町潤和1142-3,1150
松のや　浦安駅前店,千葉県浦安市当代島1-1-22,1250
松のや　岡山厚生町店,岡山県岡山市北区厚生町2-12-15,1100
松のや　下永谷店,神奈川県横浜市港南区下永谷5-3-10,1230
松のや　下赤塚店,東京都板橋区赤塚新町1-24-1,1250
松のや　花園町店,大阪府大阪市西成区鶴見橋1-3-24,1200
松のや　貝塚店,大阪府貝塚市小瀬1-28-13,1180
松のや　掛川PA(下り線)店,静岡県掛川市倉真5968-4,1300
松のや　茅ヶ崎店/マイカリー食堂　茅ヶ崎店,神奈川県茅ヶ崎市新栄町1-6 湘南ISビル,1230
松のや　萱島店/マイカリー食堂　萱島店,大阪府寝屋川市萱島本町19-11,1200
松のや　関大前店/マイカリー食堂　関大前店,大阪府吹田市千里山東1-7-13カンゾービル１Ｆ,1180
松のや　岩塚本通店/マイカリー食堂　岩塚本通店,愛知県名古屋市中村区岩塚本通3-12,1200
松のや　喜多見店,東京都世田谷区喜多見8-15-29,1250
松のや　岐阜茜部店,岐阜県岐阜市茜部菱野1丁目1番,1100
松のや　菊名店,神奈川県横浜市港北区菊名4-2-3,1250
松のや　魚住店,兵庫県明石市魚住町清水28番3,1150
松のや　京王八王子店/マイカリー食堂　京王八王子店,東京都八王子市明神町4-6-3,1250
松のや　京都南インター店,京都府京都市伏見区中島秋ノ山町121,1170
松のや　橋本店/マイカリー食堂　橋本店,神奈川県相模原市緑区橋本6丁目2‐1,1230
松のや　錦糸町店,東京都墨田区江東橋3-9-15,1300
松のや　金岡店,大阪府堺市北区金岡町192-1　Pモール,1180
松のや　桂川店,京都府京都市南区久世上久世町524-1,1170
松のや　権現湖PA(下り線)店,兵庫県加古川市志方町野尻769-14,1200
松のや　元町店/マイカリー食堂　元町店,兵庫県神戸市中央区三宮町3-9-15,1200
松のや　戸塚店,神奈川県横浜市戸塚区戸塚町104,1230
松のや　向日町店,京都府向日市上植野町南淀井4,1200
松のや　江戸川橋店/マイカリー食堂　江戸川橋店,東京都文京区関口1-10-11　朝日江戸川橋マンション105号,1350
松のや　江坂店/マイカリー食堂　江坂店,大阪府吹田市豊津町15-4,1250
松のや　行徳店/マイカリー食堂　行徳店,千葉県市川市行徳駅前2-3 ポニー行徳商業ビル,1200
松のや　香里園店/マイカリー食堂　香里園店,大阪府寝屋川市香里南之町30-14,1200
松のや　高円寺店,東京都杉並区高円寺北3-22-16 2F,1300
松のや　高松瓦町店,香川県高松市南新町5-5,1100
松のや　高松今里店,香川県高松市今里町2丁目30-14,1100
松のや　高槻千代田町店,大阪府高槻市千代田町4-5,1200
松のや　麹町店/マイカリー食堂　麹町店,東京都千代田区麹町4-1-5,1300
松のや　今津店/マイカリー食堂　今津店,兵庫県西宮市津門呉羽町1-34,1150
松のや　今福鶴見店,大阪府大阪市鶴見区鶴見4-1-31,1200
松のや　阪神西宮店/マイカリー食堂　阪神西宮店,兵庫県西宮市田中町2-24,1150
松のや　阪東橋店/マイカリー食堂　阪東橋店,神奈川県横浜市南区高根町3-17-28　マークス横濱阪東橋,1230
松のや　堺東店/マイカリー食堂　堺東店,大阪府堺市堺区中瓦町2-3-12　きくやビル1階,1200
松のや　鷺沼店/マイカリー食堂　鷺沼店,神奈川県川崎市宮前区鷺沼3-1-23　鷺沼片桐ビル1階,1230
松のや　札幌駅前通店/マイカリー食堂　札幌駅前通店,北海道札幌市中央区北1条西3-3-11　桂和北1条ビル,1200
松のや　三宮東店,兵庫県神戸市中央区旭通5-1-2,1200
松のや　三鷹店,東京都武蔵野市中町1-14-5,1330
松のや　三田ウッディタウン店,兵庫県三田市けやき台1-5 けやきプラザ内,1150
松のや　四天王寺前夕陽ケ丘店,大阪府大阪市天王寺区四天王寺1-7-11,1200
松のや　四日市芝田店/マイカリー食堂　四日市芝田店,三重県四日市市芝田1-11-3,1200
松のや　市川店/マイカリー食堂　市川店,千葉県市川市市川1-4-16,1200
松のや　志染店,兵庫県三木市志染町広野1丁目74,1140
松のや　志村坂上店/マイカリー食堂　志村坂上店,東京都板橋区志村1-14-12,1250
松のや　紙屋町店,広島県広島市中区紙屋町2-2-26　山本ビル,1200
松のや　鹿児島宇宿店,鹿児島県鹿児島市宇宿2丁目24-16,1130
松のや　十三店,大阪府大阪市淀川区十三本町1-5-8,1300
松のや　春日店/マイカリー食堂　春日店,東京都文京区本郷4-17-8,1350
松のや　勝どき店,東京都中央区勝どき4-11-10,1230
松のや　小阪店,大阪府東大阪市御厨栄町2-17-9,1200
松のや　少路店,大阪府豊中市少路1-2-1,1180
松のや　松井山手店,京都府京田辺市山手西2-1-1,1170
松のや　松原店,大阪府松原市上田8-14-13,1180
松のや　松戸新田店,千葉県松戸市松戸新田289-6,1200
松のや　松戸店,千葉県松戸市本町4-4 GK松戸ビル,1150
松のや　沼袋店/マイカリー食堂　沼袋店,東京都中野区沼袋3-27-6　リバティハイツ高橋,1250
松のや　湘南台店/マイカリー食堂　湘南台店,神奈川県藤沢市湘南台1-13-1,1250
松のや　上大岡西店/マイカリー食堂　上大岡西店,神奈川県横浜市港南区上大岡西2-1-19,1230
松のや　上板橋店,東京都板橋区常盤台4-32-6,1250
松のや　上牧店,奈良県北葛城郡上牧町大字上牧3344番1,1051
松のや　新橋店,東京都港区新橋2-2-5　丸山ビル1F,1300
松のや　新秋津店,東京都東村山市秋津町5-13-7,1250
松のや　新大阪東口店/マイカリー食堂　新大阪東口店,大阪府大阪市東淀川区東中島1-20-3,1250
松のや　新長田店,兵庫県神戸市長田区大橋町4-4-9,1150
松のや　深江橋店,大阪府大阪市城東区諏訪4-3-1　ロイヤル・プラザ1F,1200
松のや　神栖店,茨城県神栖市大野原3-11-2,1150
松のや　杉田店/マイカリー食堂　杉田店,神奈川県横浜市磯子区杉田1-12-28　魚七フードビル,1230
松のや　瀬戸店,愛知県瀬戸市西原町2-88,1200
松のや　清須店/マイカリー食堂　清須店,愛知県清須市西枇杷島町恵比須8-2,1200
松のや　西荻窪店/マイカリー食堂　西荻窪店,東京都杉並区西荻南3-8-8,1300
松のや　西宮西田町店,兵庫県西宮市西田町1-29,1150
松のや　西新宿店,東京都新宿区西新宿7-1-7,1350
松のや　西神南店,兵庫県神戸市西区井吹台西町1-1-2,1140
松のや　西川口店/マイカリー食堂　西川口店,埼玉県川口市西川口1-22-20　西川口ビル1F,1150
松のや　西船橋店,千葉県船橋市西船4-23-8,1200
松のや　西巣鴨店,東京都豊島区西巣鴨3-25-11　メトロエステート201号,1250
松のや　西東京新町店/マイカリー食堂　西東京新町店　,東京都西東京市新町4-6-7,1250
松のや　西鈴蘭台店,兵庫県神戸市北区鳴子2-1-5,1150
松のや　青物横丁店/マイカリー食堂　青物横丁店,東京都品川区南品川2-17-18　SGビル1階,1250
松のや　静岡北脇新田店/マイカリー食堂　静岡北脇新田店,静岡県静岡市清水区北脇新田610-7,1100
松のや　石橋店,大阪府池田市石橋1-3-10　MKビル1F,1180
松のや　石神井公園店,東京都練馬区下石神井2-8-16,1250
松のや　赤羽店,東京都北区赤羽1-17-1,1250
松のや　赤坂店/マイカリー食堂　赤坂店,東京都港区赤坂6-4-22　赤坂三沖ﾋﾞﾙ,1310
松のや　摂津富田店/マイカリー食堂　摂津富田店,大阪府高槻市富田町1-8-21,1200
松のや　仙川店/マイカリー食堂　仙川店,東京都調布市仙川1-16-4,1250
松のや　仙台中央店,宮城県仙台市青葉区中央3-6-3 2F,1150
松のや　千歳烏山店,東京都世田谷区南烏山5-16-21,1300
松のや　千歳船橋店,東京都世田谷区船橋1-1-2,1250
松のや　千川店,東京都豊島区要町3-11-1,1300
松のや　千鳥橋店/マイカリー食堂　千鳥橋店,大阪府大阪市此花区四貫島1-1-2　千鳥橋駅南館,1200
松のや　千葉店/マイカリー食堂　千葉店,千葉県千葉市中央区富士見2-24-1,1250
松のや　千葉都町店/マイカリー食堂　千葉都町店,千葉県千葉市中央区都町4-6-1,1180
松のや　川越西口店/マイカリー食堂　川越西口店,埼玉県川越市脇田本町6-8,1200
松のや　川口店,埼玉県川口市川口1-1-1,1200
松のや　川崎銀座街店,神奈川県川崎市川崎区砂子1-1-3,1250
松のや　川西能勢口店/マイカリー食堂　川西能勢口店,兵庫県川西市栄町21-25　ストーク田口1F,1150
松のや　相武台前店,神奈川県座間市相武台1-35-5,1230
松のや　相模原店/マイカリー食堂　相模原店,神奈川県相模原市中央区相模原2-2-19　エイコーマンション1F,1230
松のや　相模原陽光台店,神奈川県相模原市中央区陽光台5-5-2,1230
松のや　相模大野店,神奈川県相模原市南区相模大野3-2-1　BONO相模大野ノースモール202,1230
松のや　草加店,埼玉県草加市氷川町2121-3,1200
松のや　草津木川町店/マイカリー食堂　草津木川町店,滋賀県草津市木川町75-5,1150
松のや　大垣島里店/マイカリー食堂　大垣島里店,岐阜県大垣市島里2丁目1番,1200
松のや　大宮店,埼玉県さいたま市大宮区宮町1-50-2 いとや宮町ビル2F,1250
松のや　大阪駅前第３ビル店,大阪府大阪市北区梅田1-1-3 大阪駅前第3ビル地下1F　B70･71号,1300
松のや　大和高田店,奈良県大和高田市曽大根122-7,1051
松のや　大和店/マイカリー食堂　大和店,神奈川県大和市中央4-1-2近藤ビル,1250
松のや　池田店,大阪府池田市城南1-9-16,1180
松のや　中延店,東京都品川区中延4-6-17　エクセレント2 1F,1300
松のや　中野坂上店,東京都中野区中央2-2-2,1300
松のや　中野新橋店,東京都中野区弥生町2-28-9　ホワイトペースビル,1250
松のや　中野店,東京都中野区中野5-68-9 岸田ビル,1300
松のや　朝霞台店/マイカリー食堂　朝霞台店,埼玉県朝霞市浜崎1-3-10AX-1ビル,1200
松のや　町田店,東京都町田市原町田4-4-14,1230
松のや　調布南店,東京都調布市布田4-18-1ハラビル　１Ｆ４区画,1250
松のや　長岡天神店,京都府長岡京市天神1-30-1,1150
松のや　長久手店,愛知県長久手市作田1-1107,1200
松のや　長良町店,愛知県名古屋市中川区長良町3-32,1200
松のや　津田沼南口店/マイカリー食堂　津田沼南口店,千葉県習志野市谷津7-9-16 京葉ビル2,1250
松のや　鶴見東口店,神奈川県横浜市鶴見区鶴見中央1-3-3,1250
松のや　天王町店,神奈川県横浜市保土ケ谷区天王町2-47-6,1230
松のや　田無店,東京都西東京市田無町4-2-12,1250
松のや　東新宿店,東京都新宿区大久保1-3-14　ワールドビジネスセンター,1350
松のや　藤阪店,大阪府枚方市津田北町1-3189-2,1200
松のや　堂島店,大阪府大阪市北区堂島2-1-34,1200
松のや　徳島南昭和町店,徳島県徳島市南昭和町2-34-1,1100
松のや　奈良駅前店,奈良県奈良市大宮町1-1-10　梢ビル,1100
松のや　南浦和店/マイカリー食堂　南浦和店,埼玉県さいたま市南区南浦和2-36-11　カトレアビル,1200
松のや　南越谷店/マイカリー食堂　南越谷店,埼玉県越谷市南越谷1-19-2,1200
松のや　南行徳店,千葉県市川市相之川4-8-2,1200
松のや　南森町店/マイカリー食堂　南森町店,大阪府大阪市北区天神橋2-5-18　南森町センタービル,1300
松のや　尼崎店,兵庫県尼崎市神田中通2-18-9,1300
松のや　梅田店,大阪府大阪市北区角田町6-3,1300
松のや　半田店,愛知県半田市青山1-4-9,1200
松のや　板橋区役所前店,東京都板橋区板橋2-61-10　藤畑第一ビル,1250
松のや　板橋店/マイカリー食堂　千鳥橋店,東京都北区滝野川7-9-10　マインエントピア,1250
松のや　板宿店,兵庫県神戸市須磨区平田町2-2-2　板宿稲岡ビル,1150
松のや　姫島店,大阪府大阪市西淀川区姫里1-26-18,1200
松のや　姫路野里店,兵庫県姫路市城東町180,1150
松のや　瓢箪山店,大阪府東大阪市若草町5-2,1200
松のや　富士インター店,静岡県富士市伝法3104-1,1100
松のや　浮間舟渡店/マイカリー食堂　浮間舟渡店,東京都板橋区舟渡1-12-12,1250
松のや　武庫之荘店,兵庫県尼崎市南武庫之荘1-14-1,1150
松のや　武蔵境店,東京都武蔵野市境2-2-18　MHビル,1230
松のや　武蔵小金井店,東京都小金井市本町5-18-5　太平ビル1Ｆ,1250
松のや　武蔵新城店,神奈川県川崎市中原区新城5-1-3　フクシマビル,1230
松のや　武蔵新田店,東京都大田区矢口1-16-24,1250
松のや　服部店,大阪府豊中市服部西町5-18-2,1250
松のや　平井店/マイカリー食堂　平井店,東京都江戸川区平井5-15-8　平井駅前ビルE棟,1250
松のや　平塚店/マイカリー食堂　平塚店,神奈川県平塚市紅谷町5-14,1230
松のや　方南町店,東京都杉並区方南2-18-10,1250
松のや　豊洲ＩＨＩビル店,東京都江東区豊洲3-1-1,1230
松のや　豊田店/マイカリー食堂　豊田店,東京都日野市多摩平1-2-18,1250
松のや　北浦和店,埼玉県さいたま市浦和区北浦和4-3-8 USビル1F,1200
松のや　北小金店,千葉県松戸市小金8,1200
松のや　堀田店/マイカリー食堂　堀田店,愛知県名古屋市瑞穂区明前町11-6,1200
松のや　本厚木店/マイカリー食堂　本厚木店,神奈川県厚木市中町2-5-3　厚木ヤングヒルビル,1250
松のや　本蓮沼店,東京都板橋区蓮沼町22-5,1250
松のや　幕張本郷店/マイカリー食堂　幕張本郷店,千葉県千葉市花見川区幕張本郷1-3-7,1200
松のや　名駅西口店,愛知県名古屋市中村区則武1-6-3　ベルヴュオフィス名古屋1F,1250
松のや　名谷店/マイカリー食堂　名谷店,兵庫県神戸市垂水区名谷町字猿倉83-1,1150
松のや　明石店,兵庫県明石市大明石町1-6-1　パピオスあかし,1150
松のや　茂原店,千葉県茂原市高師台3-1-4,1180
松のや　野方店/マイカリー食堂　野方店,東京都中野区野方5-25-4,1250
松のや　野毛店/マイカリー食堂　野毛店,神奈川県横浜市中区野毛町3-160-4,1230
松のや　用賀店,東京都世田谷区用賀2-38-15　田縁ビル,1300
松のや　練馬店,東京都練馬区豊玉北5-19-12,1300
松のや　和歌山太田店/マイカリー食堂　和歌山太田店,和歌山県和歌山市太田4-5-1,1100
松のや　蕨西口店/マイカリー食堂　蕨西口店,埼玉県蕨市中央1-23-1,1200
松のや　蕨店,埼玉県蕨市塚越1-4-18,1200
松のや　椥辻店,京都府京都市山科区椥辻東潰34-2,1170
松屋 音更店/松のや 音更店,北海道河東郡音更町木野大通西8-1-3-A,1200
松屋 上越高田店/松のや 上越高田店,新潟県上越市土橋2600,1150
松屋　16号柏店/松のや　16号柏店,千葉県柏市大井568-1,1250
松屋　JR高槻南口店,大阪府高槻市高槻町9-22 吉廣第二ビル 1.2F,1190
松屋　JR尼崎店,兵庫県尼崎市長洲本通1-4-2　レジュールアッシュ尼崎駅前,1180
松屋　KOKO HOTEL広島駅前店,広島県広島市南区京橋町10-3,1200
松屋　tekute長町店/マイカリー食堂　tekute長町店,宮城県仙台市太白区長町5丁目1-30　tekuteながまち,1150
松屋　８号長浜店/松のや　８号長浜店,滋賀県長浜市小堀町402-1,1180
松屋　あざみ野店,神奈川県横浜市青葉区あざみ野1-11-1あざみ野センタービル1F,1300
松屋　あびこ店/松のや　あびこ店,大阪府大阪市住吉区苅田5-19-17 メトロアビコ1F,1250
松屋　うるま石川店/松のや　うるま石川店,沖縄県うるま市石川白浜1-4-12,1100
松屋　うるま赤道店/マイカリー食堂　うるま赤道店,沖縄県うるま市赤道256-4,1100
松屋　お花茶屋店,東京都葛飾区お花茶屋1-19-16,1250
松屋　かすみがうら店,茨城県かすみがうら市上稲吉1943-32,1150
松屋　さいたま見沼店/松のや　さいたま見沼店,埼玉県さいたま市見沼区新堤94-1,1200
松屋　さがみ野店,神奈川県海老名市東柏ヶ谷2-30-24,1250
松屋　すすきの店,北海道札幌市中央区南4条西3-1-1,1200
松屋　そよら古川橋駅前店/松のや　そよら古川橋駅前店,大阪府門真市末広町41-2　イオンそよら古川橋１Ｆ,1190
松屋　そよら長原駅前店/松のや　そよら長原駅前店,大阪府大阪市平野区長吉長原東2-2-35 そよら長原駅前102区画,1200
松屋　たつの店,兵庫県たつの市龍野町堂本369-3,1150
松屋　つくば研究学園店/松のや　つくば研究学園店,茨城県つくば市研究学園１丁目3-6,1200
松屋　つくば西大通り店/マイカリー食堂　つくば西大通り店,茨城県つくば市春日4-1-5,1150
松屋　つくば東大通店,茨城県つくば市妻木1768-1,1150
松屋　ときわ台店,東京都板橋区常盤台1-2-5,1250
松屋　なんさん通り店,大阪府大阪市中央区難波千日前14-14,1250
松屋　ひたちなか店,茨城県ひたちなか市市毛字原坪894-36,1150
松屋　ひばりが丘店,東京都西東京市ひばりが丘北3-3-14,1250
松屋　ふじみ野駅前店,埼玉県富士見市ふじみ野西1-20-2,1200
松屋　ふじみ野店,埼玉県ふじみ野市ふじみ野1-9-21,1200
松屋　みずほ台店,埼玉県富士見市西みずほ台1-20-8,1200
松屋　みよし店/松のや　みよし店,愛知県みよし市三好町上265,1200
松屋　アクロスプラザ盛岡店/松のや　アクロスプラザ盛岡店,岩手県盛岡市津志田南一丁目1番6号アクロスプラザ盛岡,1040
松屋　エイトタウン本宮店/松のや　エイトタウン本宮店,福島県本宮市荒井字久保田132-8-5,1150
松屋　エル枚方店/松のや　エル枚方店,大阪府枚方市岡東町19-20　エル枚方食遊館１Ｆ,1190
松屋　サテライト安城店,愛知県安城市住吉町荒曽根30-8,1150
松屋　サテライト東中野2丁目店/松のや　サテライト東中野2丁目店,東京都中野区東中野2-2-3,1226
松屋　シティタワー品川店,東京都港区港南4-2-20　シティタワー品川１階Ｆ区画,1300
松屋　フェニックスガーデンうきのじょう店/松のや　フェニックスガーデンうきのじょう店,宮崎県宮崎市柳丸町150,1100
松屋　フォーポイント フレックス by シェラトン 神戸三宮店,兵庫県神戸市中央区布引町2-1-9　フォーポイント フレックス by シェラトン 神戸三宮1F,1180
松屋　阿見店/松のや　阿見店,茨城県稲敷郡阿見町荒川本郷2033-177,1150
松屋　阿佐ヶ谷店,東京都杉並区阿佐ヶ谷北2-1-10,1300
松屋　阿倍野店,大阪府大阪市阿倍野区阿倍野筋2-4-49,1250
松屋　姶良加治木店/松のや　姶良加治木店,鹿児島県姶良市加治木町木田2041-2,1100
松屋　旭川四条店/松のや　旭川四条店,北海道旭川市４条通18丁目547,1150
松屋　旭川大町店/松のや　旭川大町店,北海道旭川市大町一条3丁目9-29,1150
松屋　旭店,千葉県旭市二1131-1,1200
松屋　綾瀬寺尾西店/松のや　綾瀬寺尾西店,神奈川県綾瀬市寺尾西2丁目6-9,1280
松屋　綾瀬店/マイカリー食堂　綾瀬店,東京都足立区綾瀬3-2-8,1250
松屋　安城錦町店,愛知県安城市錦町8-5,1200
松屋　鞍手ＰＡ（下り線）店,福岡県鞍手郡鞍手町中山1308,1100
松屋　伊吹ＰＡ（上り線）店,滋賀県米原市柏原3231,1150
松屋　伊勢原店,神奈川県伊勢原市桜台1-2-30 三協ビル,1250
松屋　伊勢佐木町2丁目店,神奈川県横浜市中区伊勢佐木町2-76-2　キヨビル1F,1300
松屋　伊勢崎宮子町店/松のや　伊勢崎宮子町店,群馬県伊勢崎市宮子町3426-1,1200
松屋　伊勢崎宮前町店/松のや　伊勢崎宮前町店,群馬県伊勢崎市宮前町15,1200
松屋　伊勢崎上泉町店,群馬県伊勢崎市上泉町175番4,1200
松屋　伊丹店,兵庫県伊丹市南町3-1-3,1180
松屋　伊予西条店/松のや　伊予西条店,愛媛県西条市大町686番地3,1100
松屋　井土ヶ谷店,神奈川県横浜市南区井土ヶ谷中町161,1250
松屋　磯子店,神奈川県横浜市磯子区森1-7-3 磯子センターハイツ104,1250
松屋　一関店/松のや　一関店,岩手県一関市山目大槻109-6,1040
松屋　一宮店/松のや　一宮店,愛知県一宮市赤見1-2-4,1200
松屋　稲城矢野口店/松のや　稲城矢野口店,東京都稲城市矢野口517-2,1250
松屋　稲沢店/松のや　稲沢店,愛知県稲沢市正明寺二丁目16番2,1200
松屋　稲田堤店/マイカリー食堂　稲田堤店,神奈川県川崎市多摩区菅2-1-1,1250
松屋　稲毛海岸店/松のや　稲毛海岸店,千葉県千葉市美浜区高洲1-22-11ニューよろずやビル１Ｆ,1250
松屋　稲毛店,千葉県千葉市稲毛区小仲台2-5-15,1250
松屋　茨城東海店/松のや　茨城東海店,茨城県那珂郡東海村東海1-2-50,1150
松屋　茨城那珂店/松のや 茨城那珂店,茨城県那珂市竹ノ内2丁目30-2（未確定）,1150
松屋　宇治小倉店/松のや　宇治小倉店,京都府宇治市宇治小倉町久保15番地（地番）,1200
松屋　宇都宮オリオン通店,栃木県宇都宮市曲師町5-8 多喜屋ビル,1200
松屋　宇都宮細谷町店/松のや　宇都宮細谷町店,栃木県宇都宮市細谷町324-10,1200
松屋　宇都宮平松店/松のや　宇都宮平松店,栃木県宇都宮市平松2-22-26,1200
松屋　宇都宮簗瀬町店,栃木県宇都宮市簗瀬町1984-6,1200
松屋　宇部店,山口県宇部市島1-1-2,1100
松屋　羽村店,東京都羽村市五ノ神4-15-11　シティープラザはむら1F,1250
松屋　羽田イノベーションシティ店/松のや　羽田イノベーションシティ店,東京都大田区羽田空港1丁目1番4号ｲﾉﾍﾞｰｼｮﾝｼﾃｨ2F区画（B2-3）(未確定),1350
松屋　鵜の木店/松のや　鵜の木店,東京都大田区鵜の木2-2-5（住居表示）,1300
松屋　浦和所沢バイパス店,埼玉県富士見市水谷東1-1-2,1230
松屋　浦和太田窪店,埼玉県さいたま市南区大字太田窪2840-2,1200
松屋　浦和仲町店/松のや　浦和仲町店,埼玉県さいたま市浦和区仲町1-2-9,1200
松屋　浦和町谷店/松のや　浦和町谷店,埼玉県さいたま市桜区町谷2-1-1,1200
松屋　浦和田島通店,埼玉県さいたま市南区四谷3-7-6,1200
松屋　栄三丁目店,愛知県名古屋市中区栄3-13-11,1200
松屋　越前千福店/松のや　越前千福店,福井県越前市千福町29,1150
松屋　越谷下間久里店/松のや　越谷下間久里店,埼玉県越谷市下間久里980-1,1200
松屋　越谷蒲生店/マイカリー食堂　越谷蒲生店,埼玉県越谷市蒲生南町15-4,1200
松屋　越谷大道店/松のや　越谷大道店,埼玉県越谷市大字大道５７４,1200
松屋　越谷店/松のや　越谷店,埼玉県越谷市弥生町17-1,1200
松屋　延岡店/松のや　延岡店,宮崎県延岡市出北5丁目18-2,1100
松屋　塩尻吉田店/松のや　塩尻吉田店,長野県塩尻市広丘吉田字道東1087-1,1200
松屋　塩尻店/松のや　塩尻店,長野県塩尻市大門泉町13-8,1200
松屋　奥屋PA（上り線）店,広島県東広島市志和町奥屋字春日山365,1150
松屋　押上店,東京都墨田区押上1-11-3,1300
松屋　横手店/松のや　横手店,秋田県横手市安田越廻31-1(未確定),1100
松屋　横須賀中央店/松のや　横須賀中央店,神奈川県横須賀市大滝町2-23,1300
松屋　横浜西口店,神奈川県横浜市西区北幸1-1-2,1350
松屋　王子1丁目店,東京都北区王子1-6-11　都築ビル102号,1300
松屋　王子神谷店/松のや　王子神谷店/マイカリー食堂　王子神谷店,東京都北区王子5-10-3　王子ハイツ1F,1300
松屋　王子店,東京都北区王子1-13-16 エイムビル1F,1300
松屋　鴬谷店,東京都台東区根岸1-6-6,1300
松屋　岡崎北店,愛知県岡崎市鴨田町字広元196,1200
松屋　岡山駅西口店,岡山県岡山市北区駅元町22-13 西口駅前ビル,1100
松屋　岡山駅前店,岡山県岡山市北区本町3-3,1100
松屋　岡山下中野店/マイカリー食堂　岡山下中野店,岡山県岡山市北区下中野343-101,1100
松屋　岡山十日市店,岡山県岡山市北区十日市西町5-28,1100
松屋　岡町店,大阪府豊中市中桜塚1-1-1ティオ阪急岡町１階,1200
松屋　沖縄知花店/松のや　沖縄知花店,沖縄県沖縄市知花5-16-20,1100
松屋　荻窪西口店,東京都杉並区上荻1-16-3,1300
松屋　桶川西口店/松のや　桶川西口店/マイカリー食堂　桶川西口店,埼玉県桶川市若宮1-2-8,1200
松屋　桶川店,埼玉県桶川市坂田1632-1,1200
松屋　下関稗田店,山口県下関市稗田中町9-31,1100
松屋　下高井戸店,東京都世田谷区赤堤4-48-10雪華堂ﾋﾞﾙ1F,1250
松屋　下石神井店/マイカリー食堂　下石神井店,東京都練馬区下石神井4-1-7,1226
松屋　下赤塚店/マイカリー食堂　下赤塚店,東京都板橋区赤塚2-1-14 入山プラザ1階,1250
松屋　下総中山店/松のや　下総中山店,千葉県船橋市本中山2-17-35,1200
松屋　下板橋店,東京都豊島区池袋本町3-25-13,1250
松屋　下北沢店,東京都世田谷区北沢2-19-13 松本ビル1F,1250
松屋　加古川平岡町店/マイカリー食堂　加古川平岡町店,兵庫県加古川市平岡町一色370-1,1180
松屋　加古川野口町店,兵庫県加古川市野口町坂元45-1,1150
松屋　河内山本店,大阪府八尾市山本町1-7-1　西田ビル1・4F,1200
松屋　花園町店,大阪府大阪市西成区鶴見橋1-3-5 ピュアファースト花園1F,1250
松屋　花小金井駅前店,東京都小平市花小金井1-8-6大沢ビル(ビックアロービル),1226
松屋　花輪SA（下り線）店,秋田県鹿角市花輪字火付け附森65-3,1050
松屋　花輪SA（上り線）店,秋田県鹿角市花輪張渡11-24,1050
松屋　我孫子若松店,千葉県我孫子市若松140-1,1200
松屋　海南店,和歌山県海南市船尾213-17,1100
松屋　海老名河原口店/松のや　海老名河原口店,神奈川県海老名市河原口4-7-3,1280
松屋　海老名店,神奈川県海老名市中央2-1-5,1250
松屋　蟹江店/松のや　蟹江店,愛知県海部郡蟹江町錦2-162　メナー錦1階,1200
松屋　外環八尾店/マイカリー食堂　外環八尾店,大阪府八尾市志紀町南3-190-1,1200
松屋　各務原店/松のや　各務原店,岐阜県各務原市那加不動丘2-96,1150
松屋　学芸大学店,東京都目黒区鷹番3-8-7,1300
松屋　掛川PA(下り線)店,静岡県掛川市倉真5968-4,1300
松屋　掛川SC(下り線)店,静岡県掛川市倉真5968-4,1097
松屋　笠寺店/松のや　笠寺店,愛知県名古屋市南区千竈通7-8-1,1200
松屋　橿原新賀店/松のや　橿原新賀店,奈良県橿原市新賀町141-2,1150
松屋　梶が谷店/マイカリー食堂　梶が谷店,神奈川県川崎市高津区末長1-8-20,1300
松屋　滑川店/松のや　滑川店,富山県滑川市上小泉字館2163-1,1200
松屋　葛西長島陸橋店/マイカリー食堂　葛西長島陸橋店,東京都江戸川区東葛西5-3-3　Ground　Tree,1300
松屋　蒲郡店/松のや　蒲郡店,愛知県蒲郡市旭町15-1,1200
松屋　蒲田西口店/マイカリー食堂　蒲田西口店,東京都大田区西蒲田7-1-11,1300
松屋　蒲田東口店,東京都大田区蒲田5-25-2 コーポ橋本1F,1300
松屋　鎌ヶ谷店,千葉県鎌ケ谷市東初富4-2-83,1200
松屋　鴨居店,神奈川県横浜市緑区鴨居1-8-10,1250
松屋　茅ケ崎赤松町店/松のや　茅ケ崎赤松町店,神奈川県茅ヶ崎市赤松町1-5,1250
松屋　茅ヶ崎店,神奈川県茅ヶ崎市新栄町8-8 コジマビル1F,1250
松屋　茅場町店/松のや　茅場町店,東京都中央区日本橋茅場町2-8-4全国中小企業会館１Ｆ,1350
松屋　萱島店,大阪府門真市上島町46-7,1190
松屋　刈谷日高店,愛知県刈谷市日高町4丁目611,1210
松屋　苅田店/松のや　苅田店,福岡県京都郡苅田町幸町4-4,1100
松屋　寒河江店/松のや　寒河江店,山形県寒河江市寒河江赤田62-1,1180
松屋　寒川倉見店/松のや　寒川倉見店,神奈川県高座郡寒川町倉見849-3,1250
松屋　干隈店/松のや　干隈店/松のや　干隈店/松のや　干隈店,福岡県福岡市早良区干隈3-29-6,1057
松屋　関大前店,大阪府吹田市千里山東1-14-5 吉本マンション1F,1200
松屋　館林店/松のや　館林店,群馬県館林市松原3丁目16番5,1200
松屋　丸亀中府店/松のや　丸亀中府店/マイカリー食堂　丸亀中府店,香川県丸亀市中府町1-6-22,1100
松屋　丸亀柞原店,香川県丸亀市柞原町409-1,1100
松屋　岸里店,大阪府大阪市西成区潮路1-10-1　林　岸里駅前ビル,1250
松屋　岸和田西之内店/松のや　岸和田西之内店,大阪府岸和田市西之内町4-24,1200
松屋　岸和田店,大阪府岸和田市土生町2-7-17,1200
松屋　岩出店/マイカリー食堂　岩出店,和歌山県岩出市岡田4-1,1100
松屋　岩本町店/松のや　岩本町店,東京都千代田区※詳細はお問い合わせください。,1350
松屋　喜多見店,東京都世田谷区喜多見9-1-7　栄屋ビル,1250
松屋　喜連瓜破店,大阪府大阪市平野区喜連2-5-47 村瀬ビル1F,1200
松屋　岐阜茜部店,岐阜県岐阜市茜部本郷3-159-3,1100
松屋　岐阜則武店/松のや　岐阜則武店,岐阜県岐阜市則武西2-19-16,1100
松屋　岐阜東栄町店/松のや　岐阜東栄町店,岐阜県岐阜市東栄町5丁目4,1150
松屋　旗の台店,東京都品川区旗の台2-7-6,1300
松屋　紀ノ川大橋店,和歌山県和歌山市湊1820-99,1100
松屋　紀尾井町店,東京都千代田区麹町3-5-17,1280
松屋　亀岡店,京都府亀岡市下矢田町2-35-5,1200
松屋　亀戸店,東京都江東区亀戸2-20-4,1300
松屋　亀戸南店,東京都江東区亀戸6-59-10 サンシャレード亀戸1F,1300
松屋　亀田インター店,新潟県新潟市中央区姥ケ山63-1,1150
松屋　亀島店/松のや　亀島店,愛知県名古屋市中村区則武本通1-36　マシュービル1F,1200
松屋　亀有店,東京都葛飾区亀有3-25-1,1250
松屋　亀有南口店,東京都葛飾区亀有3-30-12,1250
松屋　菊名店,神奈川県横浜市港北区菊名4-2-6,1300
松屋　吉祥院店/松のや　吉祥院店,京都府京都市南区吉祥院西ノ茶屋町63番,1160
松屋　吉祥寺サンロード店,東京都武蔵野市吉祥寺本町1-15-4,1300
松屋　吉祥寺南口店,東京都武蔵野市吉祥寺南町1-5-5,1300
松屋　吉川店,埼玉県吉川市木売1-4-11,1200
松屋　吉塚店,福岡県福岡市博多区吉塚本町13-30,1100
松屋　久我山店,東京都杉並区久我山2-28-1,1230
松屋　久米川店/松のや　久米川店,東京都東村山市栄町1-5-2,1250
松屋　久留米国分バイパス店/松のや　久留米国分バイパス店,福岡県久留米市国分町936-6,1100
松屋　久留米新合川店/松のや　久留米新合川店,福岡県久留米市新合川1-5-40,1100
松屋　久留米通町店,福岡県久留米市通町1-16,1100
松屋　宮崎錦本町店/松のや　宮崎錦本町店,宮崎県宮崎市錦本町3-45,1100
松屋　宮崎台店/松のや　宮崎台店,神奈川県川崎市宮前区宮崎2-8-8　COMODO宮崎台,1300
松屋　宮崎門川店/松のや　宮崎門川店,宮崎県東臼杵郡門川町中須5-6-2,1100
松屋　牛久店,茨城県牛久市田宮町41-1,1150
松屋　牛田店,東京都足立区千住曙町3-1,1250
松屋　京王つつじヶ丘店,東京都調布市東つつじヶ丘1-2-5,1230
松屋　京王八王子店,東京都八王子市東町1-1-20第6岩下ビル1F,1250
松屋　京急久里浜店,神奈川県横須賀市久里浜4-5-2　久里浜ロマンビル,1250
松屋　京成臼井店/松のや　京成臼井店,千葉県佐倉市王子台3-30-4　臼井ＶＩＭ１Ｆ,1200
松屋　京成高砂店,東京都葛飾区高砂2-38-5,1250
松屋　京成小岩店/マイカリー食堂　京成小岩店,東京都江戸川区北小岩6-12-1,1250
松屋　京成大久保店/松のや　京成大久保店,千葉県習志野市大久保1-21-12　ニューTKビル　1F,1250
松屋　京成立石店,東京都葛飾区立石1-19-6,1250
松屋　京都久御山店,京都府久世郡久御山町野村村東87-1,1200
松屋　京都西院店,京都府京都市右京区西院高山寺町12-7,1160
松屋　京葉市川PA（下り線）店/松のや　京葉市川PA（下り線）店,千葉県市川市田尻1-5-1　京葉市川PA下り線内2階,1200
松屋　橋本店,神奈川県相模原市緑区橋本6-2-1,1250
松屋　狭山根岸店,埼玉県狭山市根岸1-8-34,1200
松屋　狭山市駅前店,埼玉県狭山市入間川1-3-2,1200
松屋　狭山店,埼玉県狭山市下奥富1366-2,1200
松屋　玉川学園前店,東京都町田市玉川学園2-11-21第17通南ビル,1250
松屋　錦糸町南店,東京都墨田区江東橋3-8-10 井野ビル1F,1300
松屋　錦糸町北口店,東京都墨田区錦糸2-4-10　S川上ビル,1300
松屋　琴似店,北海道札幌市西区琴似一条2-6-8,1150
松屋　近江八幡店/松のや　近江八幡店,滋賀県近江八幡市鷹飼町北４丁目1-3,1100
松屋　近大前店,大阪府東大阪市小若江4-13-11 1F・2F,1200
松屋　近鉄八尾駅前店/松のや　近鉄八尾駅前店,大阪府八尾市北本町2-15-32梅村ビル1階,1200
松屋　金山店,愛知県名古屋市中区金山4-1-1,1200
松屋　金沢工大前店/松のや　金沢工大前店,石川県野々市市扇が丘8-8,1200
松屋　金沢示野店/松のや　金沢示野店,石川県金沢市戸板西1-55,1200
松屋　金沢昌永町店,石川県金沢市昌永町18-5,1200
松屋　金沢神谷内店,石川県金沢市神谷内町二22-1,1200
松屋　金沢増泉店/松のや　金沢増泉店,石川県金沢市神田2-2-25,1200
松屋　金沢八景店/マイカリー食堂　金沢八景店,神奈川県横浜市金沢区瀬戸16-38,1300
松屋　金町店,東京都葛飾区東金町1-45-2,1250
松屋　九条店/松のや　九条店,大阪府大阪市西区九条1-14-26,1250
松屋　九品仏店/松のや　九品仏店,東京都世田谷区奥沢6-25-8,1300
松屋　駒込店,東京都豊島区駒込1-38-3 小宮山駒込ビル1.2F,1250
松屋　駒沢店,東京都世田谷区駒沢1-5-15,1300
松屋　熊谷バイパス店/松のや　熊谷バイパス店,埼玉県熊谷市大字肥塚1408-3,1200
松屋　熊本光の森店/松のや　熊本光の森店,熊本県菊池郡菊陽町光の森2-7-4,1150
松屋　熊本桜木店/松のや　熊本桜木店,熊本県熊本市東区桜木4-2-63,1150
松屋　熊本新市街店/松のや　熊本新市街店,熊本県熊本市中央区新市街9-4　熊本第一ファームビル1F,1150
松屋　熊本長嶺南店/松のや　熊本長嶺南店,熊本県熊本市東区長嶺南一丁目7番20号,1150
松屋　栗東市役所前店/松のや　栗東市役所前店,滋賀県栗東市安養寺1-7-2,1150
松屋　栗東霊仙寺店/松のや　栗東霊仙寺店,滋賀県栗東市霊仙寺5-5-17,1150
松屋　桑名店,三重県桑名市中央町3-64-1,1180
松屋　群馬吉岡店/松のや　群馬吉岡店,群馬県北群馬郡吉岡町大字大久保1436-1(未確定),1200
松屋　郡山コスモス通店,福島県郡山市堤3-180,1150
松屋　郡山駅前店,福島県郡山市駅前2-3-9,1150
松屋　郡山芳賀店,福島県郡山市芳賀3-1-23,1150
松屋　恵庭店/松のや　恵庭店,北海道恵庭市大町一丁目1番13号,1150
松屋　恵比寿西店,東京都渋谷区恵比寿西1-10-8,1400
松屋　恵美須町店,大阪府大阪市浪速区恵美須西2-1-32,1200
松屋　桂店,京都府京都市西京区樫原盆山16-1,1200
松屋　経堂店,東京都世田谷区経堂1-12-11,1226
松屋　穴生店/松のや　穴生店,福岡県北九州市八幡西区穴生2-8-7,1100
松屋　穴川オーツーパーク店/松のや　穴川オーツーパーク店,千葉県千葉市稲毛区園生町380-1,1250
松屋　権現湖PA(上り線)店,兵庫県加古川市平荘町中山1001-26,1200
松屋　犬山店/松のや　犬山店,愛知県犬山市大字犬山字東古券334-1(未確定),1200
松屋　元住吉店,神奈川県川崎市中原区木月3丁目6番18号,1300
松屋　古川店/松のや　古川店,宮城県大崎市古川中島町2-63,1150
松屋　古淵店,神奈川県相模原市南区古淵1-7-1,1250
松屋　戸越銀座店,東京都品川区平塚1-8-2 山こしビル1F,1300
松屋　戸塚店,神奈川県横浜市戸塚区戸塚町16-16,1300
松屋　戸田駅前店,埼玉県戸田市大字新曽字柳原329-1,1200
松屋　五井店,千葉県市原市五井中央西1-14-22 潤間五井ビル,1200
松屋　五個荘店,滋賀県東近江市五個荘簗瀬町上川原5-2,1100
松屋　五反野店/マイカリー食堂　五反野店,東京都足立区足立4-29-8,1250
松屋　御影店,兵庫県神戸市東灘区御影中町1-6-6　シティーホームズ御影,1180
松屋　御幸本町店/松のや　御幸本町店,栃木県宇都宮市御幸本町4732-7,1200
松屋　御崎店,大阪府大阪市住之江区御崎7-15-21,1200
松屋　御殿場店,静岡県御殿場市川島田939-1,1300
松屋　厚木戸田店,神奈川県厚木市戸田540-1,1250
松屋　厚木店,神奈川県厚木市田村町7-20,1250
松屋　向ヶ丘遊園店,神奈川県川崎市多摩区登戸2737-4 タカノビル1F・2F,1225
松屋　向原店,東京都豊島区東池袋4-41-27,1300
松屋　広島胡町店,広島県広島市中区胡町1-20永井興産胡町ビル1階,1200
松屋　広島三原店/松のや　広島三原店,広島県三原市皆実1-25-17,1200
松屋　広島紙屋町店,広島県広島市中区大手町1-4-5 アロハビル1階,1200
松屋　広島西原店/松のや　広島西原店,広島県広島市安佐南区西原9-14-1,1200
松屋　広島千田店,広島県広島市中区東千田町2-3-23,1200
松屋　広島八木店/松のや　広島八木店,広島県広島市安佐南区八木5-2331-1(未確定),1200
松屋　広島矢野店/松のや　広島矢野店,広島県広島市安芸区矢野西1-2-5,1200
松屋　弘前高田店/松のや　弘前高田店,青森県弘前市大字高田1-3-1,1040
松屋　江古田店,東京都練馬区栄町34-1,1250
松屋　江戸川橋店,東京都文京区関口1-47-12 江戸川橋ビル1F,1250
松屋　江戸川店,東京都江戸川区江戸川6-8-49,1250
松屋　江坂駅前店,大阪府吹田市豊津町14-31由谷エムワイビル,1200
松屋　江南店,愛知県江南市高屋町西町112,1200
松屋　江別店/松のや　江別店,北海道江別市高砂町13-1,1150
松屋　港南台店,神奈川県横浜市港南区港南台4-1-1,1250
松屋　溝の口店/松のや　溝の口店,神奈川県川崎市高津区溝口1-19-10 岡本ビル1階,1300
松屋　溝の口南口店,神奈川県川崎市高津区久本1-4-10　TKBビル,1300
松屋　甲賀水口店/松のや　甲賀水口店,滋賀県甲賀市水口町日電1-55,1100
松屋　甲府荒川店,山梨県甲府市荒川1-8-32,1200
松屋　甲府国母店/松のや　甲府国母店,山梨県甲府市大里町358-1,1250
松屋　綱島店,神奈川県横浜市港北区綱島西1-1-3,1300
松屋　行橋中央店/松のや　行橋中央店,福岡県行橋市中央1-13-26,1100
松屋　行徳店,千葉県市川市行徳駅前2-3,1250
松屋　行徳南店,千葉県市川市行徳駅前2-8-6,1250
松屋　香里園駅前店,大阪府寝屋川市香里南之町20-20,1190
松屋　高井戸店,東京都杉並区高井戸西1-29-3,1230
松屋　高円寺店,東京都杉並区高円寺北3-22-16,1300
松屋　高坂店,埼玉県東松山市元宿1-11-2,1200
松屋　高崎駅前店/松のや　高崎駅前店,群馬県高崎市八島町17-10,1200
松屋　高崎下之城店,群馬県高崎市下之城町177-4,1200
松屋　高崎南大類店/松のや　高崎南大類店,群馬県高崎市南大類町915-1,1200
松屋　高崎問屋町店,群馬県高崎市問屋町1-10-4,1200
松屋　高松松島店/松のや　高松松島店,香川県高松市松島町3-19-8,1100
松屋　高松兵庫町店,香川県高松市兵庫町1番地20,1100
松屋　高松木太店,香川県高松市木太町3838-1,1100
松屋　高石店/松のや　高石店,大阪府高石市西取石8丁目1番14号,1200
松屋　高知朝倉店/松のや　高知朝倉店/マイカリー食堂　高知朝倉店,高知県高知市朝倉東町50-3,1050
松屋　高知南御座店/松のや　高知南御座店,高知県高知市南御座12-7,1050
松屋　高津店,神奈川県川崎市高津区二子5-2-1,1300
松屋　高田馬場2丁目店,東京都新宿区高田馬場2-1-2,1300
松屋　高島平駅前店,東京都板橋区高島平8-3-3,1250
松屋　高島平店,東京都板橋区高島平2-1-4,1250
松屋　国分寺西元町店,東京都国分寺市西元町2-9-25,1226
松屋　国分寺南口店/マイカリー食堂　国分寺南口店,東京都国分寺市南町3-16-6,1250
松屋　国分寺北口店,東京都国分寺市本町2-2-1,1250
松屋　国立店/マイカリー食堂　国立店,東京都国立市中1-8-5,1250
松屋　国領店,東京都調布市国領町4-8-1,1230
松屋　黒部店/松のや　黒部店,富山県黒部市荻生1651番3,1200
松屋　狛江店/松のや　狛江店,東京都狛江市東和泉1-20-1,1250
松屋　今治喜田村店/松のや　今治喜田村店,愛媛県今治市喜田村2-5-28,1100
松屋　今治片山店/松のや　今治片山店,愛媛県今治市片山3丁目1番34号,1100
松屋　今池店/松のや　今池店,愛知県名古屋市千種区今池5-23-14 コザキ今池ビル1F,1200
松屋　今津店,兵庫県西宮市今津曙町1-1エキーマ今津1F,1180
松屋　今里店,大阪府大阪市東成区大今里西3-5-1　イル・ソーレ今里駅前,1250
松屋　佐賀大財店/松のや　佐賀大財店,佐賀県佐賀市大財3-10-26,1100
松屋　佐久店/松のや　佐久店,長野県佐久市岩村田北1-13-7,1250
松屋　佐原店,千葉県香取市北1-13-10,1200
松屋　佐倉白銀店/松のや　佐倉白銀店,千葉県佐倉市白銀1-3-10(未確定),1200
松屋　佐野店/松のや　佐野店,栃木県佐野市浅沼町558-3,1200
松屋　座間立野台店,神奈川県座間市立野台2-20-3,1250
松屋　坂戸にっさい店/松のや　坂戸にっさい店,埼玉県坂戸市にっさい花みず木2-9-1,1200
松屋　坂戸店,埼玉県坂戸市南町34-5,1200
松屋　阪急高槻市駅前店,大阪府高槻市城北町2-2-7,1190
松屋　阪急南方駅前店/マイカリー食堂　阪急南方駅前店,大阪府大阪市淀川区西中島3-17-2,1200
松屋　阪神西宮店,兵庫県西宮市田中町2-3,1180
松屋　阪神尼崎店,兵庫県尼崎市神田中通2-17,1200
松屋　堺山本店/松のや　堺山本店,大阪府堺市堺区山本町二丁59番,1200
松屋　堺大野芝店/松のや　堺大野芝店,大阪府堺市中区大野芝137-1,1200
松屋　堺東銀座街店,大阪府堺市堺区中瓦町2-2-9,1200
松屋　堺美原店/松のや　堺美原店,大阪府堺市美原区黒山1001,1200
松屋　鷺宮店,東京都中野区鷺ノ宮3-18-3 エレガンス鷺ノ宮1Ｆ,1226
松屋　鷺沼店,神奈川県川崎市宮前区鷺沼1-11-6　鷺沼第一ビル,1300
松屋　桜橋店,大阪府大阪市北区曽根崎新地2丁目2-13,1250
松屋　桜上水店,東京都杉並区下高井戸1-22-6,1250
松屋　桜新町店,東京都世田谷区桜新町1-12-9,1300
松屋　桜川店/松のや　桜川店,大阪府大阪市浪速区桜川3-1-24　丸ニビル,1250
松屋　桜台店,東京都練馬区桜台1-4-67,1250
松屋　桜美林学園店/松のや　桜美林学園店,東京都町田市根岸町1010-6,1250
松屋　笹塚2丁目店,東京都渋谷区笹塚2-41-17　滝沢ビル1F,1250
松屋　札幌駅前通店,北海道札幌市中央区北1条西3丁目3番地 敷島北一条ビル,1200
松屋　札幌美しが丘店/松のや　札幌美しが丘店,北海道札幌市清田区美しが丘4条5-3-3,1150
松屋　札幌北野店/松のや　札幌北野店,北海道札幌市清田区北野７条5-12-30,1150
松屋　雑色店/松のや　雑色店,東京都大田区仲六郷2-28-2,1300
松屋　三ノ輪店,東京都台東区三ノ輪2-14-10,1300
松屋　三河安城店,愛知県安城市緑町2-9-2,1200
松屋　三郷下彦川戸店/松のや　三郷下彦川戸店,埼玉県三郷市下彦川戸762-1,1250
松屋　三郷戸ヶ崎店/松のや　三郷戸ヶ崎店,埼玉県三郷市戸ヶ崎3丁目586,1200
松屋　三郷店,埼玉県三郷市三郷2-1-4 ふじプラザビル,1200
松屋　三軒茶屋店,東京都世田谷区三軒茶屋1-32-15,1300
松屋　三国店,大阪府大阪市淀川区三国本町3-30-13,1200
松屋　三重川越町店/松のや　三重川越町店/マイカリー食堂　三重川越町店,三重県三重郡川越町豊田491-7,1200
松屋　三宿店,東京都世田谷区池尻3-30-10,1300
松屋　三条木屋町店,京都府京都市中京区三条通河原町東入中島町97,1160
松屋　三鷹店,東京都武蔵野市中町1-14-5,1300
松屋　三鷹南口店,東京都三鷹市下連雀3-34-22 ,1300
松屋　三島店,静岡県三島市玉川243-1,1170
松屋　三木店,兵庫県三木市別所町小林734-76,1150
松屋　参宮橋店,東京都渋谷区代々木4-6-2 宍戸ビル1F,1226
松屋　山科店,京都府京都市山科区安朱中小路町3-2,1200
松屋　山形深町店/松のや　山形深町店,山形県山形市深町1-2-28,1150
松屋　山陽小野田店/松のや　山陽小野田店,山口県山陽小野田市中央一丁目3番46号,1100
松屋　山梨昭和店,山梨県中巨摩郡昭和町飯喰字村西1131,1250
松屋　山梨竜王店,山梨県甲斐市西八幡2234-1,1250
松屋　四国中央店/松のや　四国中央店,愛媛県四国中央市中曽根町5010-2,1100
松屋　四条烏丸店,京都府京都市下京区烏丸通仏光寺下る大政所町677番地,1160
松屋　四条河原町店,京都府京都市中京区河原町通蛸薬師上る奈良屋町305番地,1160
松屋　四条大宮駅前店,京都府京都市下京区四条通大宮東入立中町492,1160
松屋　四谷2丁目店,東京都新宿区四谷2-9　NK第7ビル,1250
松屋　四谷三丁目店,東京都新宿区左門町2-5,1250
松屋　四日市日永店,三重県四日市市日永4-1-10,1180
松屋　四日市堀木店,三重県四日市市堀木1-3-20,1180
松屋　市が尾店/松のや　市が尾店,神奈川県横浜市青葉区市ヶ尾町1062-3,1300
松屋　市ヶ谷店,東京都千代田区九段北4-2-15,1280
松屋　市原白金通店,千葉県市原市白金町1-17,1200
松屋　市川店,千葉県市川市市川1-6-11,1250
松屋　志村坂上店,東京都板橋区小豆沢3-6-3 糠賀第二ビル1F,1250
松屋　志木店,埼玉県新座市東北2-37-12 磯川ビル1F,1200
松屋　志木東口店,埼玉県志木市本町5-25-12,1200
松屋　糸島店,福岡県糸島市神在西2丁目22番30号,1057
松屋　自由ヶ丘店,東京都目黒区自由が丘1-12-3 第二元太ビル1F,1300
松屋　鹿屋寿店/松のや　鹿屋寿店,鹿児島県鹿屋市寿２丁目14-39,1100
松屋　鹿児島新栄店/松のや　鹿児島新栄店/マイカリー食堂　鹿児島新栄店,鹿児島県鹿児島市新栄町4-23,1130
松屋　鹿島田店,神奈川県川崎市幸区下平間135,1300
松屋　七塚原SA（下り線）店,広島県庄原市山内町560-4,1100
松屋　七塚原SA（上り線）店,広島県庄原市山内町560-1,1100
松屋　篠原橋通店/マイカリー食堂　篠原橋通店,愛知県名古屋市中川区篠原橋通2-22,1200
松屋　篠崎店,東京都江戸川区篠崎町7-21-13,1250
松屋　芝一丁目店/松のや　芝一丁目店,東京都港区芝1-4-9,1350
松屋　芝大門店,東京都港区芝大門2-1-1 第2境野ビル,1350
松屋　射水太閤山店/松のや　射水太閤山店,富山県射水市中太閣山1丁目1-1(未確定),1200
松屋　若江岩田店,大阪府東大阪市岩田町3-11-5,1200
松屋　取手店/松のや　取手店,茨城県取手市取手3-1-2,1150
松屋　守口佐太中町店/松のや　守口佐太中町店,大阪府守口市佐太中町6-55-36,1190
松屋　守口市駅前店,大阪府守口市桜町9-8,1190
松屋　手稲前田店/松のや　手稲前田店,北海道札幌市手稲区前田5条13-3-35,1150
松屋　酒々井PA(下り線)店,千葉県印旛郡酒々井町大字墨字花之作1419-1,1300
松屋　酒田店/松のや　酒田店,山形県酒田市北新橋1-20-1,1200
松屋　周船寺店/松のや　周船寺店,福岡県福岡市西区周船寺3-11-10,1100
松屋　周南店,山口県周南市新宿通5-6-23,1100
松屋　秋田広面店/松のや　秋田広面店,秋田県秋田市広面字樋ノ沖100他(未確定),1100
松屋　秋葉原店,東京都千代田区神田松永町1番地,1350
松屋　住吉店/松のや　住吉店,東京都江東区住吉2丁目6-7,1300
松屋　住之江公園店,大阪府大阪市住之江区新北島1-1-7 ビックドックプラザ1F,1200
松屋　十三西口店,大阪府大阪市淀川区十三本町1-4-1,1200
松屋　十三東口店,大阪府大阪市淀川区十三東2-8-15,1200
松屋　十条西口店,東京都北区上十条2丁目２７番１号　Ｊ＆ＭＡＬＬ　1階,1300
松屋　渋谷センター街店,東京都渋谷区宇田川町26-9,1500
松屋　渋谷宮益坂店/松のや　渋谷宮益坂店,東京都渋谷区渋谷１丁目８番（以下未定）,1500
松屋　渋谷桜丘店/松のや　渋谷桜丘店,東京都渋谷区桜丘町1番4号　渋谷サクラステージSHIBUYAサイド（A-M-107）,1500
松屋　渋谷清水橋店,東京都渋谷区本町3-39-3,1250
松屋　渋谷道玄坂上店,東京都渋谷区道玄坂1-18-8,1500
松屋　出雲大塚店/松のや　出雲大塚店/マイカリー食堂　出雲大塚店,島根県出雲市大塚町742,1100
松屋　春日PA（下り線）店,宮城県宮城郡利府町春日字二ツ石39-8,1150
松屋　春日PA（上り線）店,宮城県宮城郡利府町春日字筆沢5-3,1150
松屋　春日井店/松のや　春日井店,愛知県春日井市鳥居松町4-14,1200
松屋　春日井南下原町店,愛知県春日井市西山町3-20-3,1150
松屋　春日店,東京都文京区小石川2-23-14　小石川ハイム,1300
松屋　春日部店,埼玉県春日部市中央1-2-6 M6ビル 1F,1200
松屋　春日部豊町店/松のや　春日部豊町店,埼玉県春日部市豊町1-27-2,1250
松屋　春木店,大阪府岸和田市春木若松町18-31,1200
松屋　初石店,千葉県流山市西初石3-100-19,1200
松屋　所沢若狭店,埼玉県所沢市若狭4-2453-1,1200
松屋　所沢上安松店,埼玉県所沢市大字上安松822-44,1200
松屋　所沢北原店/マイカリー食堂　所沢北原店,埼玉県所沢市北原町1403-9,1200
松屋　曙橋店,東京都新宿区住吉町1-17 ジェントリー市ヶ谷1F,1250
松屋　勝どき店,東京都中央区勝どき2-14-1,1300
松屋　小岩店,東京都江戸川区西小岩1-21-20,1300
松屋　小金井関野町店,東京都小金井市関野町1丁目3-5,1226
松屋　小山店/松のや　小山店/マイカリー食堂　小山店,栃木県小山市駅南町6-28-22,1200
松屋　小松川店,東京都江戸川区小松川3-90,1250
松屋　小松日の出町店/松のや　小松日の出町店,石川県小松市日の出4-95-1,1200
松屋　小倉駅前店,福岡県北九州市小倉北区京町2-5-13,1100
松屋　小倉片野店,福岡県北九州市小倉北区片野4-20-12,1100
松屋　小田急永山店,東京都多摩市永山1-18-2,1250
松屋　小田急相模原店,神奈川県相模原市南区松が枝町24-6,1250
松屋　小田原酒匂店,神奈川県小田原市西酒匂1-9-3,1250
松屋　小田原店,神奈川県小田原市栄町2-8-33 岩下第1ビル,1250
松屋　小平小川店,東京都小平市小川東町5-2-5,1250
松屋　小牧店,愛知県小牧市小木東1-146,1150
松屋　昭島松原町店,東京都昭島市松原町1-6-13　AGスクウェアビル1F,1250
松屋　松戸古ヶ崎店/松のや　松戸古ヶ崎店,千葉県松戸市古ヶ崎1丁目3056,1200
松屋　松戸五香店/松のや　松戸五香店,千葉県松戸市常盤平5-26-6,1250
松屋　松戸七畝割店,千葉県松戸市松戸2303-16,1200
松屋　松戸松飛台店,千葉県松戸市松飛台259-5,1200
松屋　松戸店,千葉県松戸市本町1-18 第37東京ビル,1200
松屋　松阪大黒田店/松のや　松阪大黒田店,三重県松阪市大黒田町719-4,1150
松屋　松山萱町店,愛媛県松山市萱町6-53-1,1050
松屋　松山市駅前店/松のや　松山市駅前店,愛媛県松山市湊町5-5-1（住居表示）,1050
松屋　松山枝松店,愛媛県松山市枝松5-7-14,1050
松屋　松山石井店,愛媛県松山市東石井4-11-8,1050
松屋　松山大街道店,愛媛県松山市大街道2-3-6,1050
松屋　松本駅前店,長野県松本市中央1-2-23 山平ビル,1200
松屋　松本高宮店,長野県松本市高宮中2-5,1200
松屋　沼袋店,東京都中野区沼袋3-4-18,1226
松屋　沼津店/松のや　沼津店,静岡県沼津市筒井町9-7,1170
松屋　沼津東椎路店/松のや　沼津東椎路店,静岡県沼津市東椎路515番1、516番(未確定),1150
松屋　沼津南店,静岡県沼津市上香貫字三園町1372番地,1150
松屋　湘南台店,神奈川県藤沢市湘南台2-5-9,1250
松屋　焼津インター店/松のや　焼津インター店,静岡県焼津市八楠一丁目28-6,1200
松屋　上溝店/松のや　上溝店,神奈川県相模原市中央区上溝3-16-1,1250
松屋　上山店,山形県上山市仙石字梅ノ木774-1,1150
松屋　上新庄店,大阪府大阪市東淀川区瑞光1-11-29 新高ビル1階,1190
松屋　上石神井店,東京都練馬区上石神井2-25-5 栄ﾋﾞﾙ 1F,1226
松屋　上前津店,愛知県名古屋市中区大須4-11-9,1200
松屋　上大岡駅前店,神奈川県横浜市港南区上大岡西1-16-15,1300
松屋　上鶴間店,神奈川県相模原市南区上鶴間本町5丁目1番2号,1250
松屋　上田秋和店,長野県上田市秋和492-5,1100
松屋　上板橋店,東京都板橋区常盤台4-33-13,1250
松屋　上飯田店,愛知県名古屋市北区上飯田通1-13,1150
松屋　上尾東口店,埼玉県上尾市宮本町3-16,1200
松屋　上尾緑丘店/松のや　上尾緑丘店,埼玉県上尾市緑丘3-3-7,1200
松屋　上福岡店,埼玉県ふじみ野市上福岡1-2-36,1200
松屋　上野浅草口店,東京都台東区上野7-2-1,1350
松屋　上野店,東京都台東区上野4-9-5,1350
松屋　常陸太田店/松のや　常陸太田店,茨城県常陸太田市塙町字鯉沼4552,1150
松屋　新井薬師前店/マイカリー食堂　新井薬師前店,東京都中野区上高田3-40-10,1226
松屋　新栄店,愛知県名古屋市中区葵1-20-19 芝電ビル1F,1200
松屋　新横浜店,神奈川県横浜市港北区新横浜2-3-5,1300
松屋　新潟駅前店,新潟県新潟市中央区東大通1-6-1,1100
松屋　新潟見附店/松のや　新潟見附店,新潟県見附市上新田町字下野沖514-1,1150
松屋　新潟大形店/松のや　新潟大形店,新潟県新潟市東区豊1-13-53,1100
松屋　新潟米山店,新潟県新潟市中央区米山5-14-5,1100
松屋　新潟豊栄店,新潟県新潟市北区かぶとやま2-2-58,1100
松屋　新潟万代シテイ店/松のや　新潟万代シテイ店,新潟県新潟市中央区万代1-1-22,1100
松屋　新鎌ヶ谷店,千葉県鎌ケ谷市新鎌ヶ谷1-13-3,1200
松屋　新丸子店,神奈川県川崎市中原区新丸子742-3,1300
松屋　新居浜店/松のや　新居浜店,愛媛県新居浜市外山町14-48,1100
松屋　新橋3丁目店,東京都港区新橋3-16-1,1330
松屋　新琴似店/松のや　新琴似店,北海道札幌市北区新琴似6条1-1-1,1150
松屋　新検見川店,千葉県千葉市花見川区南花園2-1-6　朝日ビル新検見川　1F,1250
松屋　新高円寺店,東京都杉並区高円寺南2-20-2,1250
松屋　新高岡店/松のや　新高岡店,富山県高岡市京田634-1,1100
松屋　新座馬場店,埼玉県新座市馬場1-4-13,1230
松屋　新山口駅前店/松のや　新山口駅前店,山口県山口市小郡黄金町13-13(未確定),1100
松屋　新宿3丁目店,東京都新宿区新宿3-11-11　ダイアン新宿ビル,1270
松屋　新宿西口店,東京都新宿区西新宿1-13-3,1250
松屋　新宿大ガード店,東京都新宿区西新宿1-2-1,1280
松屋　新宿南口店,東京都新宿区新宿3-36-15,1250
松屋　新宿二丁目店,東京都新宿区新宿2-7-3,1250
松屋　新宿靖国通り店,東京都新宿区歌舞伎町1-6-3,1280
松屋　新所沢東口店,埼玉県所沢市松葉町10-15,1200
松屋　新小岩北口店,東京都葛飾区西新小岩1-9-1,1300
松屋　新松戸西口店,千葉県松戸市新松戸2-21-103,1200
松屋　新杉田店,神奈川県横浜市磯子区新杉田町3-1,1280
松屋　新大阪東口店,大阪府大阪市東淀川区東中島1-20-9　新大阪池永ビル,1250
松屋　新大塚店,東京都豊島区東池袋5-52-16,1250
松屋　新中野鍋屋横丁店/マイカリー食堂　新中野鍋屋横丁店,東京都中野区本町4-30-22,1250
松屋　新柏店/松のや　新柏店,千葉県柏市新柏4-12-7,1200
松屋　新発田店/松のや　新発田店,新潟県新発田市小舟町1-7-6,1100
松屋　新木場店,東京都江東区新木場1-6-1,1350
松屋　森下店,東京都江東区森下2-17-1,1300
松屋　森孝店/松のや　森孝店,愛知県名古屋市守山区森孝4-507,1200
松屋　深大寺3丁目店,東京都三鷹市深大寺3-8-7,1250
松屋　深大寺店,東京都調布市深大寺北町4-30-3,1250
松屋　深谷市役所前店,埼玉県深谷市深谷町4-45,1200
松屋　神楽坂店,東京都新宿区神楽坂2-9,1250
松屋　神戸伊川谷店/マイカリー食堂　神戸伊川谷店,兵庫県神戸市西区伊川谷町有瀬1304,1150
松屋　神戸玉津店/松のや　神戸玉津店,兵庫県神戸市西区枝吉5丁目147番,1150
松屋　神戸元町西口店,兵庫県神戸市中央区元町通2-8-14　オルタンシアビル1F,1150
松屋　神戸元町東口店,兵庫県神戸市中央区北長狭通4丁目1-12　鯉川ビル,1150
松屋　神戸三田駅前町店,兵庫県三田市駅前町19-10,1150
松屋　神戸新開地店/松のや　神戸新開地店,兵庫県神戸市兵庫区新開地4-6-26,1180
松屋　神戸新在家店,兵庫県神戸市灘区浜田町3-5-8　アーバンヴィレッジ六甲南,1180
松屋　神戸有野店/松のや　神戸有野店,兵庫県神戸市北区有野中町2-9-1,1180
松屋　神松寺店,福岡県福岡市城南区神松寺1-22-45,1057
松屋　神栖店,茨城県神栖市大野原2-22-1,1200
松屋　神田小川町店,東京都千代田区神田小川町2-1-15 1.2F,1350
松屋　神田西口店,東京都千代田区内神田2-12-5　翔和No.8神田ビル1F,1350
松屋　神田南口店,東京都千代田区鍛冶町2-1-2　神田南口鋭光ビル,1350
松屋　神立店/松のや　神立店,静岡県浜松市中央区神立町118-2,1200
松屋　秦野店,神奈川県秦野市大秦町1-4 鈴よしビル1F,1250
松屋　針中野店,大阪府大阪市東住吉区駒川5-16-3 1.2F,1200
松屋　人形町店,東京都中央区日本橋人形町1-18-8,1300
松屋　諏訪店,長野県諏訪市大字四賀字赤沼1825-1,1200
松屋　須賀川店/松のや　須賀川店,福島県須賀川市陣場町41,1180
松屋　逗子店,神奈川県逗子市逗子2-6-29,1300
松屋　吹上店,埼玉県鴻巣市鎌塚3-10-12,1200
松屋　垂井店/松のや　垂井店,岐阜県不破郡垂井町綾戸字不破ノ初５０２番地１番,1150
松屋　垂水店,兵庫県神戸市垂水区神田町3番18号ラ･メール垂水1F,1150
松屋　水戸バイパス店,茨城県水戸市元吉田町1435-7,1150
松屋　水戸河和田店/松のや　水戸河和田店,茨城県水戸市河和田二丁目1777番地の5,1150
松屋　水戸東原店/松のや　水戸東原店,茨城県水戸市東原1‐3‐17,1150
松屋　水天宮店,東京都中央区日本橋蛎殻町1-29-4,1300
松屋　水道橋店,東京都千代田区神田三崎町3-7-13,1300
松屋　瑞江店,東京都江戸川区瑞江2-3-11,1250
松屋　瀬戸店,愛知県瀬戸市共栄通6-4,1150
松屋　瀬谷店/マイカリー食堂　瀬谷店,神奈川県横浜市瀬谷区中央1-6　第5白鳳ビル1F,1250
松屋　成城学園前店/マイカリー食堂　成城学園前店,東京都世田谷区成城2-39-2,1250
松屋　成田空港第3ターミナル店,千葉県成田市取香148-1,1300
松屋　成田店/マイカリー食堂　成田店,千葉県成田市不動ヶ岡2148-6,1200
松屋　清瀬野塩店/マイカリー食堂　清瀬野塩店,東京都清瀬市野塩4-224-1,1250
松屋　生田店,神奈川県川崎市多摩区生田7-8-9,1225
松屋　盛岡みたけ店/松のや　盛岡みたけ店,岩手県盛岡市みたけ3丁目19番38号,1040
松屋　盛岡アイーナ店,岩手県盛岡市盛岡駅西通1-7-1　いわて県民情報交流センター,1040
松屋　盛岡駅前通店,岩手県盛岡市盛岡駅前通9-9,1040
松屋　盛岡大通店,岩手県盛岡市大通1-7-5,1040
松屋　聖蹟桜ヶ丘店/松のや　聖蹟桜ヶ丘店,東京都多摩市関戸2-40-2 興進ビル,1250
松屋　西荻窪店,東京都杉並区西荻南3-11-8,1300
松屋　西葛西店,東京都江戸川区西葛西3-17-7,1300
松屋　西蒲田店,東京都大田区西蒲田8-24-8,1300
松屋　西五反田店,東京都品川区西五反田1-11-9 司ビル,1350
松屋　西所沢店/松のや　西所沢店,埼玉県所沢市上新井5-15-15,1200
松屋　西小山店,東京都品川区小山6-5-1,1300
松屋　西新井店,東京都足立区西新井栄町2-3-2,1300
松屋　西新宿3丁目店,東京都新宿区西新宿3-7-21　陽輪台西新宿林屋ビル,1250
松屋　西新宿8丁目店,東京都新宿区西新宿8-12-1　ダイヤモンドビル1F,1250
松屋　西新宿タワー60店/マイカリー食堂　西新宿タワー60店,東京都新宿区西新宿5-5-1　ザ・パークハウス西新宿60　A103号室,1250
松屋　西新宿店,東京都新宿区西新宿5-10-14,1250
松屋　西新店/マイカリー食堂　西新店,福岡県福岡市早良区西新5丁目1-2,1100
松屋　西千葉店,千葉県千葉市中央区春日2-19-9　西千葉西口ビル,1250
松屋　西川口西口店,埼玉県川口市西川口1-23-18,1200
松屋　西川口店,埼玉県川口市並木2-1-6 1F,1200
松屋　西船橋店,千葉県船橋市西船4-25-3,1200
松屋　西巣鴨店,東京都豊島区西巣鴨3-25-11　メトロエステート西巣鴨110・111号,1250
松屋　西大井店,東京都品川区西大井1-4-20コア･スターレ西大井ショｯピングセンター,1300
松屋　西中島店,大阪府大阪市淀川区西中島6-7-3,1200
松屋　西町店,北海道札幌市西区西町北4-1-8,1150
松屋　西日暮里店,東京都荒川区西日暮里5-24-5,1300
松屋　西八王子店,東京都八王子市台町4-47-11,1250
松屋　西尾店/松のや　西尾店,愛知県西尾市上町泡原2,1200
松屋　西武柳沢店,東京都西東京市柳沢6-1-2タイエイビル102,1226
松屋　青森観光通り店/松のや　青森観光通り店,青森県青森市浦町奥野622,1040
松屋　青砥店,東京都葛飾区青戸3-37-19,1250
松屋　青梅河辺町店/松のや　青梅河辺町店,東京都青梅市河辺町8-1-2,1250
松屋　青梅今寺店/松のや　青梅今寺店,東京都青梅市今寺3-441-5,1260
松屋　青梅新町店,東京都青梅市新町9-2020,1250
松屋　青物横丁店,東京都品川区東品川3-23-18 アツミビル,1300
松屋　青柳町店,愛知県名古屋市千種区青柳町6丁目21-1,1200
松屋　青葉台駅前店,神奈川県横浜市青葉区青葉台2-9-16,1300
松屋　静岡呉服町店/松のや　静岡呉服町店,静岡県静岡市葵区呉服町1-6-4,1200
松屋　静岡七ツ新屋店,静岡県静岡市清水区七ツ新屋328-1,1150
松屋　静岡池田店/松のや　静岡池田店,静岡県静岡市駿河区池田404-1,1200
松屋　静岡八幡店,静岡県静岡市駿河区八幡2丁目3-17,1150
松屋　石巻恵み野店/松のや　石巻恵み野店,宮城県石巻市恵み野5-1-1,1150
松屋　石橋駅前店,大阪府池田市石橋1-10-27,1200
松屋　石神井公園店,東京都練馬区石神井町3-21-2,1250
松屋　石神井台店/松のや　石神井台店,東京都練馬区石神井台6丁目7-2,1250
松屋　石和店,山梨県笛吹市石和町広瀬1374,1200
松屋　赤羽西口店,東京都北区赤羽西1-38-2,1300
松屋　赤羽店,東京都北区赤羽2-1-19 十一会ビル,1300
松屋　赤羽東口店,東京都北区赤羽1-2-6,1300
松屋　赤坂店,東京都港区赤坂5-4-6 赤坂三辻ビル1F,1380
松屋　仙川店,東京都調布市仙川町1-11-16 ハラダビル,1230
松屋　仙台一番町店/松のや 仙台一番町店,宮城県仙台市青葉区一番町3-10-17 慶和ビル1F,1150
松屋　仙台五橋店,宮城県仙台市若林区清水小路5-6　エステート五ツ橋,1150
松屋　仙台鹿島店,宮城県仙台市泉区市名坂字鹿島11,1150
松屋　仙台扇町店,宮城県仙台市宮城野区扇町5-5-1,1150
松屋　仙台大和町店,宮城県仙台市若林区大和町3-2-11,1150
松屋　仙台中央店,宮城県仙台市青葉区中央3-6-3 1F,1150
松屋　仙台中野栄店/松のや　仙台中野栄店,宮城県仙台市宮城野区中野字只屋敷45-1,1150
松屋　仙台定禅寺通り店,宮城県仙台市青葉区国分町3-3-5 リスズビル1F,1150
松屋　仙台東口店/松のや　仙台東口店,宮城県仙台市宮城野区榴岡２丁目１‐２５　ＢｉＶｉ仙台駅東口1階,1150
松屋　仙台南町通り店,宮城県仙台市青葉区一番町2-7-7,1150
松屋　仙台八乙女店,宮城県仙台市泉区上谷刈1-1-5,1150
松屋　千歳烏山店/マイカリー食堂　千歳烏山店,東京都世田谷区南烏山4-12-4,1250
松屋　千歳船橋店/マイカリー食堂　千歳船橋店,東京都世田谷区船橋1-1-9,1250
松屋　千歳店/松のや　千歳店,北海道千歳市住吉4丁目14番4号,1150
松屋　千石店,東京都文京区千石4-46-14,1300
松屋　千駄木店,東京都文京区千駄木2-33-8,1300
松屋　千日前店,大阪府大阪市中央区難波3-3-4,1250
松屋　千葉我孫子店,千葉県我孫子市本町2-3-2,1200
松屋　千葉古市場店/松のや　千葉古市場店,千葉県千葉市緑区古市場町620-1,1200
松屋　千葉幸町店,千葉県千葉市美浜区幸町2-21-30,1250
松屋　千葉店,千葉県千葉市中央区富士見2-5-16,1250
松屋　千里丘店/松のや　千里丘店,大阪府摂津市千里丘5-11-3,1200
松屋　千林大宮店,大阪府大阪市旭区森小路2-6-1,1190
松屋　川越インター店,埼玉県川越市広栄町6-6,1200
松屋　川越城下町店,埼玉県川越市城下町7-8,1200
松屋　川越西口店,埼玉県川越市脇田本町1-7 川越駅西口ビル,1200
松屋　川口栄町店,埼玉県川口市栄町3-14-1,1200
松屋　川口駅前店,埼玉県川口市川口1-1-1,1200
松屋　川口上青木店,埼玉県川口市上青木2-47-1,1200
松屋　川口並木店,埼玉県川口市並木4-6-20,1200
松屋　川崎京町店/松のや　川崎京町店,神奈川県川崎市川崎区京町1-18-15,1300
松屋　川崎銀座街店,神奈川県川崎市川崎区砂子1-1-7,1300
松屋　川崎砂子店/マイカリー食堂　川崎砂子店,神奈川県川崎市川崎区砂子2-6-19,1300
松屋　川崎西口店,神奈川県川崎市幸区大宮町5-1,1300
松屋　川崎大師店/松のや　川崎大師店,神奈川県川崎市川崎区大師駅前1-6-6　T&#039;sgarden川崎大師2,1300
松屋　川崎枡形店,神奈川県川崎市多摩区枡形1-5-9,1250
松屋　川西能勢口店/マイカリー食堂　川西能勢口店,兵庫県川西市栄町10-5パルティ川西101号,1180
松屋　川島店/松のや　川島店,埼玉県比企郡川島町大字上伊草1214-1,1200
松屋　泉大津店/松のや　泉大津店,大阪府泉大津市虫取町1-4-31,1200
松屋　浅草橋店,東京都台東区柳橋1-13-4,1350
松屋　浅草橋南店/マイカリー食堂　浅草橋南店,東京都中央区日本橋馬喰町2-6-14,1350
松屋　浅草吾妻橋店,東京都台東区雷門2-19-13,1350
松屋　浅草国際通店,東京都台東区浅草2-11-7,1350
松屋　船橋芝山店/松のや　船橋芝山店,千葉県船橋市飯山満町1-1402-2,1250
松屋　船橋南口店,千葉県船橋市本町1-3-1　フェイスビル1F-0108,1300
松屋　船橋北口店,千葉県船橋市本町6-6-4　北口スクエアビル　,1250
松屋　船堀店,東京都江戸川区船堀1-4-16,1300
松屋　前橋元総社町店,群馬県前橋市元総社町90-1,1200
松屋　前橋三河町店,群馬県前橋市三河町2-16-16,1200
松屋　前橋上小出町店,群馬県前橋市上小出町2-41-7,1200
松屋　曽根店,大阪府豊中市曽根東町2-12-14,1200
松屋　祖師谷大蔵３丁目店,東京都世田谷区祖師谷3-32-14,1250
松屋　蘇我店,千葉県千葉市中央区今井2-1-1,1200
松屋　倉敷玉島店/松のや　倉敷玉島店,岡山県倉敷市玉島1丁目1394-2,1100
松屋　倉敷水島店,岡山県倉敷市中畝6丁目6-21,1100
松屋　早稲田店,東京都新宿区馬場下町62-18,1250
松屋　巣鴨店/マイカリー食堂　巣鴨店,東京都豊島区巣鴨2丁目5-2,1300
松屋　相模原ラクーン店/松のや　相模原ラクーン店,神奈川県相模原市中央区小山1-1-10,1250
松屋　相模原相原店/松のや　相模原相原店,神奈川県相模原市緑区相原5-13-４,1250
松屋　相模原中央店,神奈川県相模原市中央区中央1-10-15,1250
松屋　相模大野店,神奈川県相模原市南区相模大野3-2-1,1250
松屋　総社店/松のや　総社店,岡山県総社市総社2-22-41,1100
松屋　草加松江店/マイカリー食堂　草加松江店,埼玉県草加市松江6丁目12-27,1200
松屋　草加清門町店,埼玉県草加市清門1丁目423-1,1200
松屋　草加西口店,埼玉県草加市氷川町2125-4　ウシヤマビル,1200
松屋　草加店/松のや　草加店,埼玉県草加市北谷町1-2-14,1200
松屋　草加東口店,埼玉県草加市高砂2-18-9,1200
松屋　草津駅西口店/松のや　草津駅西口店,滋賀県草津市西大路町1-28　 KENTPLAZA　1階,1150
松屋　足利店/松のや　足利店,栃木県足利市朝倉町2-22-7,1200
松屋　足立江北店,東京都足立区江北3丁目35番12号,1250
松屋　足立保塚店,東京都足立区保塚町12-21,1250
松屋　足立六町店/松のや　足立六町店,東京都足立区六町1-8-14,1250
松屋　袖ヶ浦店,千葉県袖ケ浦市福王台3-12-4,1200
松屋　多摩ニュータウン店,東京都八王子市松木33-3,1250
松屋　多摩愛宕店/松のや　多摩愛宕店,東京都多摩市愛宕4-7-3,1250
松屋　太田下田島店/松のや　太田下田島店,群馬県太田市下田島1087-1，1088，1082-3，宝泉南部土地区画整理事業　106街区(未確定),1200
松屋　太田丸山店,群馬県太田市丸山町1380(未確定),1200
松屋　太田飯塚町店,群馬県太田市飯塚町1443,1150
松屋　帯広白樺通り店/松のや　帯広白樺通り店,北海道帯広市西8条南10-2-5,1200
松屋　袋井店/松のや　袋井店,静岡県袋井市川井字丁田1277番3、1277番10、1279番2、1280番、1281番、1282盤1(未確定),1200
松屋　代々木上原店,東京都渋谷区西原3-7-6 大又建設ビル,1250
松屋　代々木店,東京都渋谷区代々木1-34-4,1250
松屋　代々木八幡店,東京都渋谷区富ヶ谷1-52-2 ニューアメリカンビル1F,1300
松屋　大井町店,東京都品川区東大井5-6-8,1300
松屋　大岡山店,東京都大田区北千束1-40-1 石井ビル1F,1300
松屋　大垣店,岐阜県大垣市禾森町5-190,1100
松屋　大久保2丁目店,東京都新宿区大久保2-5-1,1250
松屋　大久保店,東京都新宿区百人町1-18-11,1250
松屋　大宮吉野町店,埼玉県さいたま市北区吉野町1-2-3,1200
松屋　大宮桜木町店/松のや　大宮桜木町店,埼玉県さいたま市大宮区桜木町2-472-3,1200
松屋　大宮深作店,埼玉県さいたま市見沼区深作3-27-3,1200
松屋　大宮大成町店,埼玉県さいたま市大宮区大成町3-517,1200
松屋　大宮東口店,埼玉県さいたま市大宮区宮町1-5,1200
松屋　大宮奈良町店/松のや　大宮奈良町店,埼玉県さいたま市北区奈良町51-4,1200
松屋　大宮南中丸店/松のや　大宮南中丸店,埼玉県さいたま市見沼区大字南中丸519-4,1200
松屋　大口店,神奈川県横浜市神奈川区大口通58-3,1300
松屋　大国町店,大阪府大阪市浪速区敷津東1-9-16,1250
松屋　大阪本町店,大阪府大阪市中央区南本町3-3-8,1250
松屋　大山店,東京都板橋区大山東町58-2,1250
松屋　大森町店,東京都大田区大森西3-20-14,1300
松屋　大森店,東京都大田区山王2-2-11,1300
松屋　大森北口店,東京都品川区南大井6-24-1,1300
松屋　大正千島店/松のや　大正千島店,大阪府大阪市大正区千島3‐4‐7,1250
松屋　大泉学園町店,東京都練馬区大泉学園町7-15-20,1250
松屋　大泉学園店,東京都練馬区東大泉1-37-3,1250
松屋　大泉学園南口店,東京都練馬区東大泉5-41-14,1250
松屋　大船駅前店,神奈川県鎌倉市大船1-12-23,1250
松屋　大船店,神奈川県鎌倉市大船1-25-23,1250
松屋　大曽根北店,愛知県名古屋市北区山田町4-72,1150
松屋　大倉山店/マイカリー食堂　大倉山店,神奈川県横浜市港北区大倉山3-1-28,1300
松屋　大村店/松のや　大村店,長崎県大村市今津町649-1,1100
松屋　大鳥居店,東京都大田区萩中3-6-5,1300
松屋　大津通錦店,愛知県名古屋市中区錦3-7-10,1220
松屋　大津店,滋賀県大津市別保3-2-55,1150
松屋　大塚店,東京都豊島区北大塚2-11-1,1250
松屋　大島店,東京都江東区大島6-9-16,1350
松屋　大府店/松のや　大府店,愛知県大府市一屋町5-3,1200
松屋　大分駅前店,大分県大分市中央町1-1-24,1050
松屋　大分大在店/松のや　大分大在店,大分県大分市角子南2-1-17,1050
松屋　大分猪野店/松のや　大分猪野店,大分県大分市大字猪野1398-3,1050
松屋　大牟田店,福岡県大牟田市船津町459-2,1100
松屋　大名1丁目店,福岡県福岡市中央区大名1-1-10　大名TCビル,1100
松屋　大野城横峰店/松のや　大野城横峰店,福岡県大野城市横峰2-3-9,1100
松屋　大和渋谷店,神奈川県大和市渋谷5-4-1,1250
松屋　大和店,神奈川県大和市大和南1-3-4,1250
松屋　知多店/松のや　知多店,愛知県知多市にしの台4-1-11,1200
松屋　池上3丁目店,東京都大田区池上3-3-1,1300
松屋　池上店,東京都大田区池上6-2-17,1300
松屋　池尻大橋店,東京都目黒区東山3-1-15,1300
松屋　池袋アゼリア通り店,東京都豊島区西池袋5-2-10,1300
松屋　池袋トキワ通店,東京都豊島区西池袋1丁目40番4号 川松ビル,1300
松屋　竹ノ塚店,東京都足立区竹の塚6-9-2,1250
松屋　筑後店/松のや　筑後店,福岡県筑後市山ノ井356-1,1100
松屋　中の島店/松のや　中の島店,北海道札幌市豊平区中の島2条6-1-6,1150
松屋　中延店,東京都品川区中延4-5-3 智勇第一ビル1F,1300
松屋　中河原店,東京都府中市住吉町2-2-2,1250
松屋　中山店,神奈川県横浜市緑区寺山町87-7,1250
松屋　中洲店,福岡県福岡市博多区中洲5-1-7 SPOONビル1階,1100
松屋　中村橋店,東京都練馬区貫井2-2-5,1250
松屋　中津店/松のや　中津店,大分県中津市大字上宮永339-2,1050
松屋　中板橋店,東京都板橋区中板橋21-2,1250
松屋　中目黒青葉台２丁目店,東京都目黒区青葉台2丁目21-9,1300
松屋　中目黒店,東京都目黒区上目黒3-3-1　中津川ビル1・2F,1300
松屋　中野駅前店,東京都中野区中野5-65-5　豊島興業ビル1F,1250
松屋　中野坂上店,東京都中野区中央2-1-2,1226
松屋　中野新橋店,東京都中野区弥生町2-23-3,1250
松屋　中野通り店,東京都中野区中野5-68-9,1300
松屋　中野島店/マイカリー食堂　中野島店,神奈川県川崎市多摩区中野島1-9-2,1250
松屋　中野南口店,東京都中野区中野2-29-8,1300
松屋　中野富士見町店,東京都中野区弥生町5-27-7,1250
松屋　朝霞泉水店/松のや　朝霞泉水店,埼玉県朝霞市泉水1-7-9,1230
松屋　朝霞台店,埼玉県朝霞市浜崎1-3-10 AX-1ビル1F,1230
松屋　朝霞店,埼玉県朝霞市本町2-4-18,1230
松屋　朝霞東口店,埼玉県朝霞市仲町2-2-43　大日屋ビル,1230
松屋　朝霞膝折店,埼玉県朝霞市膝折町2-10-14,1230
松屋　朝倉甘木店/松のや　朝倉甘木店,福岡県朝倉市甘木370-1,1100
松屋　町屋店,東京都荒川区町屋1-2-10,1300
松屋　町田中町店,東京都町田市中町2-16-6,1300
松屋　町田店,東京都町田市原町田4-4-15,1300
松屋　調布駅前店,東京都調布市布田1-40-10 アルソス調布駅前北口ビル,1250
松屋　調布柴崎店/松のや　調布柴崎店,東京都調布市柴崎1-47-3,1300
松屋　長岡堺東町店,新潟県長岡市堺東町7,1170
松屋　長岡店/松のや　長岡店,新潟県長岡市新組町2281-1,1150
松屋　長久手店,愛知県長久手市武蔵塚702,1150
松屋　長居店,大阪府大阪市住吉区長居3-14-8,1200
松屋　長後店,神奈川県藤沢市下土棚509-10,1250
松屋　長瀬店,大阪府東大阪市菱屋西1-17-14,1200
松屋　長津田店/松のや　長津田店,神奈川県横浜市緑区長津田4-2-20　１Ｆ,1300
松屋　長野ＳＢＣ通り店/松のや　長野ＳＢＣ通り店,長野県長野市吉田二丁目24-3,1200
松屋　長野篠ノ井店/松のや　長野篠ノ井店,長野県長野市篠ノ井御幣川637-1,1200
松屋　長野鶴賀七瀬店/マイカリー食堂　長野鶴賀七瀬店,長野県長野市大字鶴賀578-1,1200
松屋　長野柳原店,長野県長野市大字小島86-1,1200
松屋　鳥飼店,大阪府摂津市鳥飼本町3-16-59,1190
松屋　直方ＰＡ（上り線）店,福岡県直方市植木1414-6,1100
松屋　津山店/松のや　津山店,岡山県津山市小田中1443-1,1100
松屋　津田沼店,千葉県習志野市津田沼1-10-41　十番街ビル1F,1250
松屋　津田沼南口店,千葉県習志野市谷津7-9-16　京葉ビル2,1250
松屋　津南店/松のや　津南店,三重県津市高茶屋小森町字丸田283-2,1180
松屋　椎名町店,東京都豊島区長崎1-2-4 バイオレットインA室,1250
松屋　追浜店,神奈川県横須賀市追浜町3-13-13,1250
松屋　鶴ヶ島店,埼玉県川越市鯨井新田1-18,1200
松屋　鶴岡店/松のや　鶴岡店,山形県鶴岡市西新斎町9-10,1200
松屋　鶴間店,神奈川県大和市西鶴間1-2-9　TSURUMA017,1250
松屋　鶴橋店,大阪府大阪市天王寺区下味原町3-13 鶴橋下味原ビル1F,1250
松屋　鶴見店,神奈川県横浜市鶴見区豊岡町2-2 フーガ2,1300
松屋　鶴見東口店/マイカリー食堂　鶴見東口店,神奈川県横浜市鶴見区鶴見中央1-3-3,1300
松屋　鶴瀬店,埼玉県富士見市鶴馬2605-1,1200
松屋　帝京大学前店,東京都八王子市大塚131-8,1250
松屋　天王町店,神奈川県横浜市保土ケ谷区天王町2-47-7,1250
松屋　天神店,福岡県福岡市中央区天神3-3-1 木下ビル,1100
松屋　天満橋店,大阪府大阪市中央区谷町2-8-1大手前M2ビル,1200
松屋　天理店/マイカリー食堂　天理店,奈良県天理市守目堂町106-2,1150
松屋　田無駅前店,東京都西東京市田無町4-2-12 A2ビル1階,1226
松屋　都城店/松のや　都城店,宮崎県都城市平江町14号1番,1100
松屋　都筑インター店,神奈川県横浜市都筑区早渕3-37-14,1300
松屋　都筑池辺町店/松のや　都筑池辺町店,神奈川県横浜市都筑区池辺町3569,1300
松屋　都立家政店,東京都中野区鷺宮3-6-1　岡田ビル,1226
松屋　都立大学店,東京都目黒区平町1-27-5,1300
松屋　土浦真鍋店,茨城県土浦市真鍋1-12-9,1150
松屋　島田店/松のや　島田店,静岡県島田市若松町2713番地5,1150
松屋　東鎌ヶ谷店/松のや　東鎌ヶ谷店,千葉県鎌ケ谷市東鎌ヶ谷2-20-6,1200
松屋　東久留米店/マイカリー食堂　東久留米店,東京都東久留米市東本町1-8,1250
松屋　東郷PA（下り線）店,愛知県日進市米野木町南山978-13,1200
松屋　東郷PA（上り線）店,愛知県日進市米野木町南山978-12,1200
松屋　東金店/松のや　東金店,千葉県東金市東岩崎25-7,1200
松屋　東戸塚西口店,神奈川県横浜市戸塚区川上町90-1,1250
松屋　東戸塚東口店,神奈川県横浜市戸塚区品濃町538-7,1250
松屋　東五反田店,東京都品川区東五反田2-4-1 東五反田レンガビル1F,1350
松屋　東御店,長野県東御市加沢1406-51,1100
松屋　東広島西条店,広島県東広島市西条町寺家4828-1,1200
松屋　東高円寺店,東京都杉並区高円寺南1-6-5,1250
松屋　東根店/松のや　東根店,山形県東根市蟹沢1862-2,1180
松屋　東寺店,京都府京都市南区西九条開ヶ町101-2,1180
松屋　東住吉中野店,大阪府大阪市東住吉区中野4-3-22,1200
松屋　東住吉湯里店,大阪府大阪市東住吉区湯里5-20-6,1200
松屋　東十条店/松のや　東十条店,東京都北区東十条4-4-24 宮田ビル1F,1300
松屋　東小金井店,東京都小金井市東町4-42-19,1226
松屋　東松山上野本店/松のや　東松山上野本店,埼玉県東松山市上野本1174-2,1200
松屋　東松山店,埼玉県東松山市箭弓町1-12-8,1200
松屋　東新宿店,東京都新宿区歌舞伎町2-2-21,1250
松屋　東神奈川店,神奈川県横浜市神奈川区西神奈川1-20-4 加賀ビル,1300
松屋　東千葉店,千葉県千葉市中央区祐光2-15-5,1200
松屋　東船橋店,千葉県船橋市東船橋5-15-11,1250
松屋　東大井町店,東京都品川区東大井5-21-5,1300
松屋　東大宮駅前店/マイカリー食堂　東大宮駅前店,埼玉県さいたま市見沼区東大宮5-38-5,1200
松屋　東大宮店,埼玉県さいたま市見沼区東大宮5-10-5,1200
松屋　東池袋グリーン大通店,東京都豊島区東池袋1-25-17,1300
松屋　東中野店,東京都中野区東中野3-1-19,1226
松屋　東長崎駅前店,東京都豊島区南長崎5-25-12,1250
松屋　東武霞ヶ関店,埼玉県川越市霞ヶ関東1-2-22,1200
松屋　東武練馬店,東京都板橋区徳丸3-1-26,1250
松屋　東伏見店,東京都西東京市東伏見2-4-6高橋イーストビル,1226
松屋　東予丹原店/松のや　東予丹原店,愛媛県西条市周布762番地1,1100
松屋　東陽町店,東京都江東区東陽4-2-5,1350
松屋　東淀川菅原店,大阪府大阪市東淀川区菅原2-7-9,1190
松屋　藤が丘店,愛知県名古屋市名東区藤が丘164番地,1150
松屋　藤井寺駅前店,大阪府藤井寺市岡2-7-18,1200
松屋　藤岡店/松のや　藤岡店,群馬県藤岡市上大塚317-1,1200
松屋　藤枝築地店/松のや　藤枝築地店,静岡県藤枝市築地１丁目713番8、714番1，714番7(未確定),1200
松屋　藤沢石川店/松のや　藤沢石川店,神奈川県藤沢市石川6-19-7,1250
松屋　藤沢南口店,神奈川県藤沢市南藤沢2-10 ワカバビル1F,1250
松屋　藤沢北口店,神奈川県藤沢市藤沢462番地 吉塚ビル1F,1250
松屋　徳島鮎喰店,徳島県徳島市鮎喰町1-33-1,1100
松屋　徳島駅前店,徳島県徳島市寺島本町西1-59,1100
松屋　徳島松茂広島ランプ店/松のや　徳島松茂広島ランプ店,徳島県板野郡松茂町広島字宮ノ前4番地1（地番）,1150
松屋　徳島常三島店,徳島県徳島市北常三島町2-52-1,1100
松屋　徳島南矢三店/松のや　徳島南矢三店,徳島県徳島市南矢三町3-4-47,1100
松屋　栃木インター店/松のや　栃木インター店,栃木県栃木市箱森町38-63,1200
松屋　苫小牧店/松のや　苫小牧店,北海道苫小牧市清水町1丁目4番11号,1150
松屋　敦賀店/松のや　敦賀店,福井県敦賀市中央町1丁目13-1,1150
松屋　奈良駅前店,奈良県奈良市三条本町3番8号,1150
松屋　奈良押熊店/松のや　奈良押熊店,奈良県奈良市押熊町1445-1,1150
松屋　奈良三条大路店/松のや　奈良三条大路店,奈良県奈良市三条大路3-2-21,1150
松屋　那珂川店/松のや　那珂川店,福岡県那珂川市片縄北6-17-8,1057
松屋　那覇古島店/松のや　那覇古島店,沖縄県那覇市銘苅1丁目1番8号、9号（地番）(未確定),1100
松屋　那覇小禄店/松のや　那覇小禄店,沖縄県那覇市田原1丁目3番地1,1100
松屋　那覇新都心店/マイカリー食堂　那覇新都心店,沖縄県那覇市おもろまち4-2-8,1100
松屋　南茨木店,大阪府茨木市沢良宜西1-2-20,1190
松屋　南浦和店,埼玉県さいたま市南区南浦和2-36-16,1200
松屋　南越谷店,埼玉県越谷市南越谷1-19-8　吉澤第一ビル1F,1200
松屋　南海難波店,大阪府大阪市中央区難波4-4-6 1F.2F,1250
松屋　南郷通店,北海道札幌市白石区南郷通9丁目南5-10,1200
松屋　南国店/松のや　南国店,高知県南国市明見817-1,1050
松屋　南砂町店,東京都江東区南砂7-4-6,1350
松屋　南千住店,東京都荒川区南千住7-1-1,1300
松屋　南草津店,滋賀県草津市東矢倉2-6-4,1150
松屋　南大沢店,東京都八王子市南大沢2丁目29番地,1250
松屋　南大分店/松のや　南大分店,大分県大分市畑中1-5-3,1050
松屋　南池袋店,東京都豊島区南池袋1-18-23,1300
松屋　南津守店,大阪府大阪市西成区南津守6-6-46,1200
松屋　南柏店/松のや　南柏店,千葉県柏市南柏1-2-4,1200
松屋　南彦根店/松のや　南彦根店,滋賀県彦根市戸賀町176番1,1100
松屋　南風原店/松のや　南風原店,沖縄県島尻郡南風原町兼城208番、208番1、207番2(未確定),1100
松屋　南林間店,神奈川県大和市南林間1-8-1,1250
松屋　二又瀬店,福岡県福岡市東区二又瀬15-10,1100
松屋　尼崎アマドゥ店,兵庫県尼崎市道意町7-1,1180
松屋　尼崎潮江店,兵庫県尼崎市潮江1-27-15,1180
松屋　尼崎武庫の里店/松のや　尼崎武庫の里店,兵庫県尼崎市武庫の里1-11-1,1180
松屋　廿日市店,広島県廿日市市串戸1-12-5,1200
松屋　日吉店,神奈川県横浜市港北区日吉本町1-20-2,1300
松屋　日田店/松のや　日田店,大分県日田市大字十二町岸高586番4,1150
松屋　日暮里店,東京都荒川区西日暮里2-25-1-307,1300
松屋　日本橋店,大阪府大阪市中央区日本橋1-3-2日本橋コウジィアパートメント,1250
松屋　日本坂ＰＡ（上り線）店,静岡県焼津市石脇上96-1,1150
松屋　日本平PA（下り線）店,静岡県静岡市駿河区国吉田字西原坪,1150
松屋　日野三沢店,東京都日野市三沢1-19-2,1250
松屋　日野神明店,東京都日野市神明2-1-1,1250
松屋　日野店,東京都日野市大坂上1-30-24,1250
松屋　日立桜川町店,茨城県日立市桜川町2-4-12,1150
松屋　日立鹿島町店/松のや　日立鹿島町店,茨城県日立市鹿島町2-16-15,1150
松屋　入間市駅前店/松のや　入間市駅前店,埼玉県入間市豊岡1-2-30 横田スクウエアービル1階,1200
松屋　入間店/松のや　入間店,埼玉県入間市宮寺3186-9,1200
松屋　入間東藤沢店/松のや　入間東藤沢店,埼玉県入間市東藤沢4-2-17,1200
松屋　入場店/松のや　入場店,愛知県名古屋市港区入場1-1303-1,1250
松屋　入谷店,東京都台東区北上野2-31-6,1300
松屋　韮崎店,山梨県韮崎市若宮2-12-20 ライフガーデンにらさき,1150
松屋　納屋橋店/松のや　納屋橋店,愛知県名古屋市中村区名駅南1-3-14,1200
松屋　播磨町店,兵庫県加古郡播磨町南大中3-3-28,1150
松屋　馬橋店,千葉県松戸市馬橋117-1田口ビル,1200
松屋　馬喰町店,東京都中央区日本橋馬喰町1-5-11,1300
松屋　梅ヶ丘店,東京都世田谷区梅丘1-33-9,1250
松屋　梅屋敷店,東京都大田区蒲田2-4-5　スカイドムス,1300
松屋　梅田角田町店,大阪府大阪市北区角田町6-5,1250
松屋　梅田神山町店,大阪府大阪市北区神山町8-22　梅電ビル,1250
松屋　買物公園通店,北海道旭川市2条通8丁目左1号,1150
松屋　博多駅前通り店/マイカリー食堂　博多駅前通り店,福岡県福岡市博多区博多駅前3丁目30-29　タイセイ第2ビル,1100
松屋　博多駅南店/マイカリー食堂　博多駅南店,福岡県福岡市博多区博多駅南1-3-10,1100
松屋　柏崎店,新潟県柏崎市東柳田23-3,1150
松屋　柏松葉町店/松のや　柏松葉町店,千葉県柏市松葉町7丁目36番4,1200
松屋　柏青葉台店/松のや　柏青葉台店,千葉県柏市青葉台1丁目27-13,1200
松屋　柏中央町店,千葉県柏市中央町2番8号,1250
松屋　柏豊四季店/松のや　柏豊四季店,千葉県流山市野々下3-755-2，5(未確定),1250
松屋　白河店,福島県西白河郡西郷村字豊作東1,1180
松屋　白楽店,神奈川県横浜市神奈川区白楽118,1300
松屋　白山店,東京都文京区向丘1-9-23,1250
松屋　白鳥PA（下り線）店,兵庫県姫路市打越字南西1346,1180
松屋　函館亀田店/松のや　函館亀田店,北海道函館市亀田町18-19,1200
松屋　幡ヶ谷店,東京都渋谷区幡ヶ谷2-7-1,1250
松屋　八王子山田店/松のや　八王子山田店,東京都八王子市小比企町435番地9,1250
松屋　八王子店,東京都八王子市旭町7-1 豊栄ﾋﾞﾙ,1250
松屋　八街店/松のや　八街店,千葉県八街市中央16番地7,1200
松屋　八戸田向店/松のや　八戸田向店,青森県八戸市田向1-8-8、9（住居表示）(未確定),1050
松屋　八千代台西口店,千葉県八千代市八千代台北1-11,1250
松屋　八千代台東口店,千葉県八千代市八千代台東1-2-16　第7扇ビル,1250
松屋　八千代店/松のや　八千代店,千葉県八千代市大和田新田1034,1250
松屋　八日市店/松のや　八日市店,滋賀県東近江市八日市東本町11-6,1150
松屋　八幡山店,東京都杉並区上高井戸1-8-22 D.S八幡山 1F,1250
松屋　八尾南太子堂店/松のや　八尾南太子堂店,大阪府八尾市南太子堂6-2-61,1230
松屋　八尾本町店,大阪府八尾市本町2-8-19,1200
松屋　半田店/マイカリー食堂　半田店,愛知県半田市宮本町6-216-7,1200
松屋　反町店,神奈川県横浜市神奈川区松本町1-1-9,1300
松屋　板橋区役所前店,東京都板橋区板橋2-61-11 ホシカメビル1F,1250
松屋　板橋店,東京都板橋区板橋1-50-1,1250
松屋　板橋本町店,東京都板橋区本町36-1 バロール本町1F,1250
松屋　飯塚片島店/松のや　飯塚片島店,福岡県飯塚市片島2丁目1-2,1100
松屋　飯田橋駅前店,東京都千代田区飯田橋4丁目9-10,1250
松屋　飯田橋東口店,東京都新宿区下宮比町1-1,1250
松屋　飯能双柳店,埼玉県飯能市双柳757-4,1200
松屋　磐田岩井店/松のや　磐田岩井店,静岡県磐田市岩井字大久保3444番1,1200
松屋　肥後橋店,大阪府大阪市西区江戸堀1-2-14　肥後橋官報ビル,1250
松屋　尾山台店,東京都世田谷区尾山台3-22-5 谷岸ビル,1300
松屋　彦根店,滋賀県彦根市東沼波町125-1,1080
松屋　姫路駅南大路通店,兵庫県姫路市安田3-119,1180
松屋　姫路花田店,兵庫県姫路市花田町１本松93番2　他,1150
松屋　姫路飾磨店,兵庫県姫路市飾磨区今在家1066,1150
松屋　姫路大手前通店,兵庫県姫路市駅前町338,1180
松屋　百合ヶ丘店,神奈川県川崎市麻生区百合丘1-1-4,1225
松屋　百万遍店,京都府京都市左京区吉田泉殿町1-87番地,1160
松屋　氷川台店,東京都練馬区氷川台3-39-9,1250
松屋　瓢箪山駅前店,大阪府東大阪市本町15-15,1200
松屋　浜寺店,大阪府堺市西区浜寺船尾町西5丁132-1,1200
松屋　浜松高塚店/松のや　浜松高塚店,静岡県浜松市中央区高塚町4530番、4533番1、4533番2、4520番1(未確定),1200
松屋　浜松高竜店,静岡県浜松市中央区寺島町1024,1200
松屋　浜松高林店,静岡県浜松市中央区高林4-14-22,1200
松屋　浜松初生町店/松のや　浜松初生町店,静岡県浜松市中央区初生町798,1200
松屋　不動前店,東京都品川区西五反田4-30-12 福井ビル,1300
松屋　富山下赤江店,富山県富山市下赤江町1-1-69,1100
松屋　富山掛尾店/松のや　富山掛尾店,富山県富山市掛尾町259,1100
松屋　富山田中町店/松のや　富山田中町店,富山県富山市田中町4-18-43,1100
松屋　富山婦中店/松のや　富山婦中店,富山県富山市婦中町下轡田428-4,1100
松屋　富士ラウンドワン店,静岡県富士市八代町4-23,1200
松屋　富士吉田店,山梨県富士吉田市上吉田4203-3,1300
松屋　富士宮店,静岡県富士宮市中原町312,1160
松屋　富士見台店,東京都練馬区貫井3-1-8,1250
松屋　富田店,大阪府高槻市富田町1-6-3,1190
松屋　富田林店/松のや　富田林店,大阪府富田林市若松町2-3-18,1200
松屋　布施寿町店/松のや　布施寿町店,大阪府東大阪市寿町3-10-19,1230
松屋　布田店,東京都調布市布田2-47-2,1230
松屋　府中店,東京都府中市宮西町2-1-8,1300
松屋　府中本町店/マイカリー食堂　府中本町店,東京都府中市本町1-29-1,1300
松屋　浮間舟渡駅前店,東京都北区浮間4-32-20,1300
松屋　武庫川店/マイカリー食堂　武庫川店,兵庫県尼崎市稲葉荘1-14-5,1180
松屋　武石店/松のや 武石店,千葉県千葉市花見川区武石町１丁目130-1128-1（地番）(未確定),1250
松屋　武蔵浦和店/松のや　武蔵浦和店,埼玉県さいたま市南区沼影1-10-1,1200
松屋　武蔵関店,東京都練馬区関町北2-27-13 下田ﾋﾞﾙ1F,1226
松屋　武蔵境店,東京都武蔵野市境1-2-3,1226
松屋　武蔵境南口店/松のや　武蔵境南口店,東京都武蔵野市境南町2-10-6　メゾン・ドゥ・ソレイユ1-1号室,1250
松屋　武蔵小金井店,東京都小金井市本町1-18-8,1226
松屋　武蔵小山店,東京都品川区小山3-25-15,1300
松屋　武蔵小杉南口店/松のや　武蔵小杉南口店,神奈川県川崎市中原区小杉町3‐257‐4　小杉第二山協ビル1階,1300
松屋　武蔵小杉北口店/マイカリー食堂　武蔵小杉北口店,神奈川県川崎市中原区新丸子町922,1300
松屋　武蔵新城店,神奈川県川崎市中原区上新城2-10-15,1300
松屋　武蔵新田店,東京都大田区矢口1-7-15イセモトビル,1300
松屋　武蔵村山店,東京都武蔵村山市学園3-37-2,1250
松屋　武蔵中原店/松のや　武蔵中原店/マイカリー食堂　武蔵中原店,神奈川県川崎市中原区上小田中6-21-9,1300
松屋　福井御幸店,福井県福井市御幸4-20-8,1150
松屋　福井若杉店/マイカリー食堂　福井若杉店,福井県福井市若杉4丁目715,1150
松屋　福井大和田店,福井県福井市大和田2-1304,1150
松屋　福岡箱崎店/マイカリー食堂　福岡箱崎店,福岡県福岡市東区東浜1-2-26,1100
松屋　福山花園店,広島県福山市花園町2-5-34,1150
松屋　福山東店/松のや　福山東店,広島県福山市東深津町3-23-8,1200
松屋　福生志茂店,東京都福生市志茂36-4,1250
松屋　福生店,東京都福生市東町3-10　栄和ビル1F,1250
松屋　淵野辺店,神奈川県相模原市中央区鹿沼台2-18-6,1250
松屋　淵野辺北口店,神奈川県相模原市中央区淵野辺3-19-9,1250
松屋　分倍河原店,東京都府中市片町2-22-1,1250
松屋　平井駅前店,東京都江戸川区平井4-11-4,1250
松屋　平間店,神奈川県川崎市中原区北谷町8番地7,1300
松屋　平針店/松のや　平針店/マイカリー食堂　平針店,愛知県名古屋市天白区平針3-117,1200
松屋　平塚店,神奈川県平塚市紅谷町4-2 1F,1250
松屋　平塚北金目店,神奈川県平塚市北金目2-4-33,1250
松屋　平和島店,東京都大田区大森北6-13-10 島田ビル,1300
松屋　米沢店/松のや　米沢店,山形県米沢市金池5丁目3-18,1150
松屋　保谷店,東京都西東京市東町3-14-27,1250
松屋　保土ヶ谷PA（下り線）店,神奈川県横浜市神奈川区羽沢町48,1300
松屋　保土ヶ谷店,神奈川県横浜市保土ケ谷区岩井町4,1250
松屋　宝塚安倉店,兵庫県宝塚市安倉南2-2-21,1180
松屋　方南町駅前店,東京都杉並区方南2-13-11　,1250
松屋　豊橋つつじが丘店,愛知県豊橋市つつじが丘1-6-10,1160
松屋　豊橋藤沢町店,愛知県豊橋市藤沢町138番,1160
松屋　豊見城店/松のや　豊見城店,沖縄県豊見城市字伊良波516番2,1100
松屋　豊山店,愛知県西春日井郡豊山町大字豊場字栄81,1150
松屋　豊洲ＩＨＩビル店/マイカリー食堂　豊洲ＩＨＩビル店,東京都江東区豊洲3-1-1,1350
松屋　豊川店/松のや　豊川店,愛知県豊川市牧野町1-25,1200
松屋　豊中熊野町店/マイカリー食堂　豊中熊野町店,大阪府豊中市熊野町1-1-8,1200
松屋　豊田山之手店,愛知県豊田市山之手6-70,1200
松屋　豊田十塚店,愛知県豊田市十塚町4-23-1,1200
松屋　豊田店,東京都日野市多摩平1-2-1,1250
松屋　豊田東新町店,愛知県豊田市東新町5-20-1,1150
松屋　豊島園店,東京都練馬区練馬4-15-23 パークサイドハイツ,1250
松屋　豊明店/松のや　豊明店,愛知県豊明市西川町島原8-7,1200
松屋　防府店/松のや　防府店,山口県防府市緑町2-5-16,1100
松屋　北24条店,北海道札幌市北区北23条西4-2-41,1150
松屋　北44条店/松のや　北44条店,北海道札幌市東区北44条東1-1-30,1150
松屋　北綾瀬店/マイカリー食堂　北綾瀬店,東京都足立区加平1-22-11,1300
松屋　北茨城店/松のや　北茨城店,茨城県北茨城市中郷町上桜井字細谷2820,1150
松屋　北浦和東口店,埼玉県さいたま市浦和区北浦和3-2-8,1200
松屋　北越谷店,埼玉県越谷市大沢3-4-26,1200
松屋　北九州高須東店/松のや　北九州高須東店,福岡県北九州市若松区高須東4-2-17,1100
松屋　北見常盤店/松のや　北見常盤店,北海道北見市常盤町2-2-30,1200
松屋　北習志野店,千葉県船橋市習志野台2-6-1　小林ビル,1250
松屋　北小金店,千葉県松戸市小金きよしヶ丘3-20-5,1200
松屋　北松戸店,千葉県松戸市上本郷904-6,1200
松屋　北赤羽店,東京都北区浮間3-1-38,1300
松屋　北千住店/マイカリー食堂　北千住店,東京都足立区千住2-61,1300
松屋　北千住東口店,東京都足立区千住旭町40-23　第3三和ビル,1300
松屋　北谷美浜店 併設加工場,沖縄県中頭郡北谷町美浜2-1-9,1100
松屋　北谷美浜店/松のや　北谷美浜店,沖縄県中頭郡北谷町美浜2-1-9,1100
松屋　北方町店/松のや　北方町店,岐阜県本巣郡北方町高屋伊勢田2-74-1,1100
松屋　北本店,埼玉県北本市深井6-151,1200
松屋　北野店,東京都八王子市北野町546-2　横溝ビル,1250
松屋　堀切菖蒲園店,東京都葛飾区堀切4-10-2,1250
松屋　本郷三丁目店,東京都文京区本郷2-27-16,1300
松屋　本厚木店,神奈川県厚木市中町2-4-16 トキワヤビル1F,1250
松屋　本所吾妻橋店,東京都墨田区吾妻橋3-7-4　ライオンズマンション吾妻橋,1300
松屋　本庄店/松のや　本庄店,埼玉県本庄市けや木三丁目24番7号,1200
松屋　本川越店,埼玉県川越市新富町2-33-1,1200
松屋　本内店/松のや　本内店,福島県福島市本内字松川畑2-2,1150
松屋　本八幡南口店,千葉県市川市南八幡4-6-7,1250
松屋　麻溝台店,神奈川県相模原市南区麻溝台1-5-6,1250
松屋　麻布台1丁目店,東京都港区麻布台1-9-10　飯倉ITビル,1310
松屋　枚方市役所前店,大阪府枚方市岡東町5-24,1190
松屋　幕張インター店/松のや　幕張インター店/マイカリー食堂　幕張インター店,千葉県習志野市鷺沼5-6-5,1250
松屋　幕張本郷1丁目店,千葉県千葉市花見川区幕張本郷1-3-11　一松ビル,1220
松屋　末広街道店,千葉県千葉市中央区末広2-3-4,1200
松屋　箕面店/マイカリー食堂　箕面店,大阪府箕面市半町3-14-20,1200
松屋　箕輪町店,長野県上伊那郡箕輪町三日町947-1,1200
松屋　名駅西店/マイカリー食堂　名駅西店,愛知県名古屋市中村区亀島2-12-1,1200
松屋　明大前店/松のや　明大前店/マイカリー食堂　明大前店,東京都世田谷区松原1-36-7,1250
松屋　姪浜店/松のや　姪浜店,福岡県福岡市西区内浜1-7-5　ウエストコート姪浜内,1100
松屋　茂原店,千葉県茂原市道表2-12,1200
松屋　木更津店,千葉県木更津市太田4丁目15-5,1200
松屋　目黒東口店,東京都品川区上大崎2-15-18 目黒東豊ビル,1400
松屋　門真店/マイカリー食堂　門真店,大阪府門真市下島町30-13,1190
松屋　門前仲町店,東京都江東区門前仲町1-7-13,1300
松屋　野々市中央通り店/松のや　野々市中央通り店,石川県野々市市栗田6-377,1200
松屋　野火止店,埼玉県新座市野火止4-7-29,1230
松屋　野田山崎新町店/松のや　野田山崎新町店,千葉県野田市山崎新町20-18（地番）(未確定),1250
松屋　野田店/松のや　野田店,千葉県野田市宮崎130-4,1200
松屋　野並店,愛知県名古屋市緑区鳴海町字杜若7-1,1200
松屋　野方店,東京都中野区野方5-30-1 1･2F,1226
松屋　矢向店,神奈川県横浜市鶴見区矢向6-5-8,1300
松屋　有田インター店/松のや　有田インター店,和歌山県有田郡有田川町大字天満163-1,1100
松屋　祐天寺店,東京都目黒区祐天寺2-2-7　青埜ビル1F,1300
松屋　与野駅前店,埼玉県さいたま市浦和区上木崎1-4-2,1200
松屋　与野店/松のや　与野店,埼玉県さいたま市中央区上峰4-14-12,1200
松屋　用賀店,東京都世田谷区用賀2-38-14,1300
松屋　要町店/マイカリー食堂　要町店,東京都豊島区要町1-18-1,1250
松屋　踊場店,神奈川県横浜市泉区中田南1-2-12,1250
松屋　淀屋橋店,大阪府大阪市中央区北浜3-2-25　京阪淀屋橋ビル,1250
松屋　落合店,東京都新宿区上落合3-9-1,1226
松屋　藍住店/松のや　藍住店,徳島県板野郡藍住町東中富朏傍示27-2,1100
松屋　里塚店,北海道札幌市清田区里塚一条4-15-40,1150
松屋　立会川店,東京都品川区東大井2-24-11　織戸ビル,1300
松屋　立川錦町店/マイカリー食堂　立川錦町店,東京都立川市錦町2-1-3　,1300
松屋　立川柴崎町店/松のや　立川柴崎町店,東京都立川市柴崎町6-10-8,1250
松屋　立川店/マイカリー食堂　立川店,東京都立川市曙町2-12-15　立川金水ビル1F,1300
松屋　立川北口店,東京都立川市曙町2丁目3番地3,1300
松屋　立命館大前店,京都府京都市北区平野宮西町117-3,1160
松屋　龍ケ崎店/松のや　龍ケ崎店,茨城県龍ケ崎市馴馬町字中曽根2986-3他4筆(未確定),1200
松屋　両国店,東京都墨田区横網1-3-8,1300
松屋　鈴鹿中央通店/松のや　鈴鹿中央通店,三重県鈴鹿市算所2-2-7,1180
松屋　鈴蘭台店,兵庫県神戸市北区鈴蘭台北町1-9-1 ,1150
松屋　練馬高野台店,東京都練馬区高野台1‐7‐20プレステビル１F,1250
松屋　練馬店,東京都練馬区豊玉北5-18-11,1250
松屋　蓮根店,東京都板橋区蓮根2-31-3,1250
松屋　蓮田関山店/松のや　蓮田関山店,埼玉県蓮田市関山2-7-7,1200
松屋　蓮田店,埼玉県蓮田市東5-2-9,1200
松屋　六甲道店,兵庫県神戸市灘区備後町3丁目2-16　タウンコート六甲,1180
松屋　六地蔵店,京都府京都市伏見区桃山町西尾10番1,1200
松屋　六本木4丁目店,東京都港区六本木4-11-11,1380
松屋　和歌山加納店/松のや　和歌山加納店,和歌山県和歌山市加納295-1（地番）,1100
松屋　和歌山向店,和歌山県和歌山市向220-3,1100
松屋　和光市駅前店,埼玉県和光市本町3-2,1300
松屋　和光白子店/松のや　和光白子店,埼玉県和光市白子1-7-12,1300
松屋　和泉中央駅店,大阪府和泉市いぶき野5-1-1,1200
松屋　蕨西口店,埼玉県蕨市中央1-23,1200
松屋　蕨店,埼玉県蕨市塚越1-4-4 ,1200
松屋　蕨北町店/松のや　蕨北町店,埼玉県蕨市北町5-4-5,1200
松屋　獨協大学前店/松のや　獨協大学前店,埼玉県草加市栄町3-4-3東武松原ビル2　１F(未確定),1200
松屋　糀谷店/松のや　糀谷店,東京都大田区西糀谷4-14-12,1300
松屋　茗荷谷店/マイカリー食堂　茗荷谷店,東京都文京区小日向4-6-23,1300
松屋フーズ　川島生産物流センター,埼玉県比企郡川島町かわじま1-10,1150
松屋フーズ　富士山工場,静岡県富士宮市北山4242-4,1100
松屋フーズ　本社,東京都武蔵野市中町1-14-5,1230
松屋フーズ　嵐山工場,埼玉県比企郡嵐山町花見台4-3,1300
松屋フーズ　六甲生産物流センター,兵庫県神戸市東灘区向洋町西6-2-4,1310
松屋食堂　牧之原SA(上り線)店,静岡県牧之原市静谷字ウベ沢原2559番地6,1150
松軒中華食堂　下赤塚店,東京都板橋区赤塚1-7-2,1250
松軒中華食堂　下総中山店,千葉県船橋市本中山2-15-10,1200
松軒中華食堂　掛川PA(下り線)店,静岡県掛川市倉真5968-4,1300
松軒中華食堂　溝の口店,神奈川県川崎市高津区溝の口1-18-7 澤木ﾋﾞﾙ1F,1625
松軒中華食堂　狛江店,東京都狛江市東和泉1-18-8,1226
松軒中華食堂　千歳烏山店,東京都世田谷区南烏山6-4-1,1300
松軒中華食堂　千歳船橋店,東京都世田谷区船橋1-1-5 ｱｼﾞｱ堂ﾋﾞﾙ1F,1250
松軒中華食堂　調布店,東京都調布市布田1-40-10,1250
松軒中華食堂　豊田店,東京都日野市多摩平1-2-2,1250
松軒中華食堂　練馬店,東京都練馬区豊玉北5-18-11,1250
麦のトリコ　元住吉店,神奈川県川崎市中原区木月2-8-1,1225
福松　三鷹店,東京都武蔵野市中町1-14-5,1226
